instance_id,default_gap,default_dualbound,default_time,default_cuts,efficacy_gap,efficacy_dualbound,efficacy_time,efficacy_cuts,raise_cut_gap,raise_cut_dualbound,raise_cut_time,raise_cut_cuts,raise_portfolio_gap,raise_portfolio_dualbound,raise_portfolio_time,raise_portfolio_cuts,raise_portfolio_rc_gap,raise_portfolio_rc_dualbound,raise_portfolio_rc_time,raise_portfolio_rc_cuts,scip_ensemble_gap,scip_ensemble_dualbound,scip_ensemble_time,scip_ensemble_cuts,best_gap_mode
acc-tight4,,0.0,8.522383,51,,0.0,14.599895,79,,0.0,14.477779,79,,0.0,7.214412,33,,0.0,14.918435,79,,0.0,7.885094,83,
acc-tight5,,0.0,3.983631,61,,0.0,6.966679,400,,0.0,7.46518,400,,0.0,7.5133,400,,0.0,7.671148,400,,0.0,4.350807,61,
adult-regularized,,0.0,30.001144,0,,0.0,30.001359,0,,0.0,30.064092,0,,0.0,30.087801,0,,0.0,30.00168,0,,0.0,30.080294,0,
allcolor10,689.0,6.0,24.576671,469,689.0,6.0,25.612492,400,689.0,6.0,26.061192,400,689.0,6.0,24.017479,469,689.0,6.0,23.769519,469,689.0,6.0,24.857334,469,default
amaze22012-06-28i,,0.0,6.428338,479,,0.0,5.174604,400,,0.0,5.226071,400,,0.0,6.3825009999999995,479,,0.0,6.423344,479,,0.0,6.460097,479,
app3,0.011956940017545882,5683754.022981644,0.551298,125,0.008016553069198497,5705972.100751877,0.7802089999999999,400,0.008016553069198497,5705972.100751877,0.829313,400,0.008016553069198497,5705972.100751877,0.816114,400,0.008016553069198497,5705972.100751877,0.8150999999999999,400,0.007607198274232489,5708290.233299255,0.71124,248,scip_ensemble
arki001,,7580049.661632822,0.9424079999999999,193,,7580099.530027671,1.255274,400,,7580099.530027671,1.290931,400,,7580099.530027671,1.338956,400,,7580204.853863124,3.060381,620,,7580204.853863124,3.09491,620,
australia-abs-cta,2.3702531645580214,106.90466814280897,5.628201,685,2.5756605284229495,105.63602097341257,1.993369,400,2.513210568454974,105.63602097341257,3.502189,355,2.513210568454974,105.63602097341257,3.495971,355,2.513210568454974,105.63602097341257,3.435511,355,1.0886075949372875,106.90466814280897,4.386245,757,scip_ensemble
bc1,0.7611582052683931,2.524189397372015,5.138408,28,0.32806505877875464,2.6379955551350895,5.228533,340,0.32806505877875464,2.6379955551350895,5.302293,340,0.32806505877875464,2.6379955551350895,5.15504,340,0.32806505877875464,2.6379955551350895,5.008879,340,0.3213519167842903,2.6371435424101524,5.286521,240,scip_ensemble
beavma,0.00978616503961753,379612.44991404755,0.072391,224,0.00958395099044787,379646.4866779825,0.082562,400,0.00958395099044787,379646.4866779825,0.087175,400,0.00958395099044787,379646.4866779825,0.087933,400,0.00958395099044787,379646.4866779825,0.09160499999999999,400,0.0009925859463183633,382904.93394379143,0.146125,835,scip_ensemble
bienst2,1.0586392918323946,35.46031608821704,1.005091,261,0.8491567495111166,33.3935995508902,1.103639,400,0.9711806221575291,32.04509315718031,1.238271,314,0.9711806221575291,32.04509315718031,1.236995,314,0.9711806221575291,32.04509315718031,1.233514,314,0.8285958889950276,35.272965660799095,1.2727789999999999,364,scip_ensemble
blp-ic97,0.1779102967574911,3908.777476072878,4.740092,51,0.08284685393792865,3936.461871869041,8.378143,301,0.08284685393792865,3936.461871869041,8.09835,301,0.08284685393792865,3936.461871869041,8.050814,301,0.08284685393792865,3936.461871869041,8.265045,301,0.12885515290482336,3931.7400562676185,8.168426,298,efficacy
bmocbd2,0.0,-31953009810558.203,2.4292030000000002,0,0.0,-31953009810558.203,2.370242,0,0.0,-31953009810558.203,2.307659,0,0.0,-31953009810558.203,2.541056,0,0.0,-31953009810558.203,2.471058,0,0.0,-31953009810558.203,2.519478,0,default
bmocbd3,,-1e+20,30.677237,0,,-1e+20,30.371296,0,,-1e+20,30.063086,0,,-1e+20,30.237694,0,,-1e+20,30.306595,0,,-1e+20,31.922423,0,
core4284-1064,0.33848523844385586,1054.1767361143638,30.006498,24,0.3385245587292236,1054.1457687855825,30.004169,21,0.3385378991143226,1054.1352627621704,30.003926,27,0.3385378991143226,1054.1352627621704,30.005585,27,0.3385378991143226,1054.1352627621704,30.004884,27,0.3385245587292236,1054.1457687855825,30.005051,21,default
core4872-1529,0.3071726387557952,1511.6595478014397,30.005276,42,0.30686414843749665,1512.0163808629463,30.011452,261,0.30686414843749665,1512.0163808629463,30.011226,262,0.30686414843749665,1512.0163808629463,30.005713,262,0.30686414843749665,1512.0163808629463,30.004392,262,0.30719236743481476,1511.6367332205498,30.005756,136,efficacy
cvrpsimple2i,,0.0,1.5135,347,,0.0,1.600627,400,,0.0,1.618017,400,,0.0,1.4479549999999999,347,,0.0,1.473072,347,,0.0,1.491485,347,
dale-cta,,0.0,30.00267,1600,,0.0,23.890591,400,,0.0,23.912616,400,,0.0,23.848602,400,,0.0,30.001336,1600,,0.0,30.001986,1600,
dano3mip,0.6258374291297689,576.8249104178489,30.000278,335,0.4798547780925453,576.6706987214395,30.019021,400,0.4798547780925453,576.6706987214395,30.022249,400,0.4798547780925453,576.6706987214395,30.018719,400,0.6258374291297689,576.8249104178489,30.000357,335,0.6258374291297689,576.8249104178489,30.000426,335,efficacy
danoint,,62.69,0.8723829999999999,92,,62.725786623164886,1.50342,392,,62.715678187339336,0.944751,292,,62.715678187339336,0.9443689999999999,292,,62.715678187339336,0.943396,292,,62.70508685305278,0.958058,399,
dc1c,0.0887001565455367,1759399.76547609,30.020276,26,0.10097825124088976,1759347.7236419918,30.017941,39,0.09002794565051044,1759485.7799314812,30.000456,41,0.09002794565051044,1759485.7799314812,30.000547,41,0.09002794565051044,1759485.7799314812,30.000658,41,0.10745456061818712,1759467.1234297138,30.008787,44,default
decomp1,0.0,-120.0,0.599109,0,0.0,-120.0,0.599633,0,0.0,-120.0,0.599807,0,0.0,-120.0,0.5963379999999999,0,0.0,-120.0,0.6003649999999999,0,0.0,-120.0,0.6132,0,default
dell,0.0,1e+20,0.002665,0,0.0,1e+20,0.0026739999999999997,0,0.0,1e+20,0.002532,0,0.0,1e+20,0.002523,0,0.0,1e+20,0.002748,0,0.0,1e+20,0.0029419999999999997,0,default
dg012142,42.21610134362353,773849.0507065239,5.188142,812,42.55939741709932,767750.2670611324,4.15511,400,42.55939741709932,767750.2670611324,4.191196,400,42.55939741709932,767750.2670611324,4.207641,400,42.55939741709932,767750.2670611324,4.08286,400,42.21610134362353,773849.0507065239,5.005266,812,default
diameterc-msts-v40a100d5i,,343.1224534561299,13.952797,692,,335.72751773597525,16.516704,400,,335.72751773597525,16.379524,400,,343.1224534561299,13.535591,692,,343.1224534561299,13.247368,692,,343.1224534561299,13.174312,692,
drayage-100-12,0.6943726676462615,92623.36114883414,5.235584,114,0.3399147963425377,92623.36114883421,6.07175,400,0.3399147963425377,92623.36114883421,6.175005,400,0.3399147963425377,92623.36114883421,6.372348,400,0.3399147963425377,92623.36114883421,6.29704,400,0.40792683175803646,92656.95773062616,6.980313,665,efficacy
ds,22.479856921632305,57.52877900867956,30.050323,19,22.505927663638737,57.46497306249687,30.006064,47,22.505927663638737,57.46497306249687,30.000483,47,22.464712463504913,57.56590889834566,30.000497,21,22.505927663638737,57.46497306249687,30.001054,47,22.479856921632305,57.52877900867956,30.000546,26,raise_portfolio
ds-big,,-214880230.52734506,32.487344,0,,-214880230.52734506,35.951444,0,,-214880230.52734506,30.888878,0,,-214880230.52734506,32.914369,0,,-214880230.52734506,33.307282,0,,-214880230.52734506,32.069187,0,
elitserienhandball11i,,-1e+20,52.368761,0,,-1e+20,53.802432,0,,-1e+20,54.459401,0,,-1e+20,51.395821,0,,-1e+20,51.955505,0,,-1e+20,53.388697,0,
elitserienhandball13i,,-1e+20,63.504729,0,,-1e+20,62.931944,0,,-1e+20,62.204465,0,,-1e+20,63.016953,0,,-1e+20,57.419292,0,,-1e+20,56.534341,0,
elitserienhandball3i,,-1e+20,57.533186,0,,-1e+20,57.094255,0,,-1e+20,57.388829,0,,-1e+20,56.317005,0,,-1e+20,58.298726,0,,-1e+20,57.846471,0,
enlight8,0.0,27.0,0.001385,0,0.0,27.0,0.001017,0,0.0,27.0,0.001021,0,0.0,27.0,0.001053,0,0.0,27.0,0.0009419999999999999,0,0.0,27.0,0.0009109999999999999,0,default
eva1aprime5x5opt,,-497.14678982306924,6.724805,11,,-497.1536619805063,7.316544,9,,-497.1536619805063,6.871678,9,,-497.1536619805063,6.736165,9,,-497.1536619805063,6.718417,9,,-497.1536619805063,6.839177,9,
ex1010-pi,0.18003197183463984,221.18044784347117,30.009358,23,0.17583645600429715,221.11918598231472,30.008677,22,0.16231627333719784,221.11021405741096,30.011233,21,0.16231627333719784,221.11021405741096,30.009346,21,0.16231627333719784,221.11021405741096,30.009289,21,0.17583645600429715,221.11918598231472,30.011466,22,raise_cut
fastxgemm-n3r21s3t6,,0.0,30.006836,0,,0.0,30.003637,0,,0.0,30.007153,0,,0.0,30.006885,0,,0.0,30.00466,0,,0.0,30.005214,0,
fhnw-binpack4-18,,0.0,0.16061699999999998,536,,0.0,0.061813,417,,0.0,0.160113,315,,0.0,0.157543,536,,0.0,0.159026,536,,0.0,0.157061,536,
fhnw-binpack4-77,,0.0,0.933091,1007,,0.0,0.8522609999999999,400,,0.0,1.197082,400,,0.0,0.923661,1007,,0.0,0.919006,1007,,0.0,0.9317259999999999,1007,
gasprod2-2,,1313806.061666287,30.000704,200,,1319669.9127791857,30.005026,50,,1315054.8700390887,30.00127,54,,1313806.061666287,30.00135,200,,1313806.061666287,30.000955,200,,1313806.061666287,30.000937,200,
genus-sym-g31-8,26.0,-27.0,30.000381,11,26.0,-27.0,30.000142,18,26.0,-27.0,30.000161,18,26.0,-27.0,30.000165,18,26.0,-27.0,30.000184,18,26.0,-27.0,30.000495,44,default
gmut-76-40,0.017132445440392503,-14171086.316042844,6.427308,0,0.017132445440392503,-14171086.316042844,6.547389,0,0.017132445440392503,-14171086.316042844,6.710706,0,0.017132445440392503,-14171086.316042844,6.23773,0,0.017132445440392503,-14171086.316042844,6.176476,0,0.017132445440392503,-14171086.316042844,6.22129,0,default
graph20-80-1rand,107.00000000000001,-108.00000000000001,30.011641,83,107.00000000000001,-108.00000000000001,30.000907,50,107.0,-108.0,30.005477,50,107.0,-108.0,30.00492,50,107.00000000000001,-108.00000000000001,30.000932,83,107.00000000000001,-108.00000000000001,30.001501,83,raise_cut
hanoi5,,1813.9917569280124,3.884848,527,,1803.6895719307602,3.924797,399,,1801.4025439083591,4.010017,320,,1801.4025439083591,3.949951,320,,1801.4025439083591,3.733253,320,,1813.9917569280124,3.970642,527,
lr1dr02vc05v8a-t360,,-213475809.0632272,30.000504,0,,-213475809.0632272,30.000636,0,,-213475809.0632272,30.001133,0,,-213475809.0632272,30.000733,0,,-213475809.0632272,30.000534,0,,-213475809.0632272,30.000813,0,
lr2-22dr3-333vc4v17a-t60,,-7035571.880000102,30.022374,0,,-7035571.880000102,30.020533,0,,-7035571.880000102,30.021026,0,,-7035571.880000102,30.027302,0,,-7035571.880000102,30.022991,0,,-7035571.880000102,30.020373,0,
map06,1.64404022996331,-393.9619942645332,25.658942,135,1.6509467925715167,-394.991072093156,26.889398,350,1.6509467925715167,-394.991072093156,27.281294,350,1.6509467925715167,-394.991072093156,26.900167,350,1.6482564742763488,-394.590214667176,18.589426,353,1.6482564742763488,-394.590214667176,18.706644,353,default
map14860-20,0.06387031486509388,-980.8884303056166,18.397742,118,0.0669910082961323,-979.4977456158495,24.138302,209,0.0669910082961323,-979.4977456158495,23.799235,209,0.0669910082961323,-979.4977456158495,23.370118,209,0.0669910082961323,-979.4977456158495,23.485326,209,0.07480039659667308,-980.2179616961658,21.278611,256,default
map18,0.07436959506439575,-909.9910470195432,23.592624,153,0.07503510300682135,-910.5547322467777,24.128715,328,0.07503510300682135,-910.5547322467777,24.360904,328,0.07503510300682135,-910.5547322467777,24.024608,328,0.07503510300682135,-910.5547322467777,24.369519,328,0.09253001412223143,-915.5401518344299,30.05676,328,default
mario-t-hard5i,,-1e+20,30.003475,0,,-1e+20,30.007438,0,,-1e+20,30.004777,0,,-1e+20,30.004508,0,73.7,-4482.0,30.00579,50,73.7,-4482.0,30.001329,91,raise_portfolio_rc
milo-v13-4-3d-3-0,10.2365447980396,45182.395896804446,0.403196,118,6.944170174687024,62070.39697714234,0.912532,387,8.448899456286751,58660.34215887266,0.871142,343,8.448899456286751,58660.34215887266,0.8710019999999999,343,8.448899456286751,58660.34215887266,0.870796,343,11.987134395849068,37343.050113448706,0.831472,390,efficacy
mod008inf,0.0,1e+20,0.069446,11,0.0,1e+20,0.040017,68,0.0,1e+20,0.040086,68,0.0,1e+20,0.039299,68,0.0,1e+20,0.040017,68,0.0,1e+20,0.047098,70,default
moj-mining,,-1e+20,30.017056,0,,-1e+20,30.008379,0,,-1e+20,30.022922,0,,-1e+20,30.015908,0,,-1e+20,30.032032,0,,-1e+20,30.006273,0,
momentum2,,10698.613189458343,17.248555,387,,10702.422624208151,15.27779,400,,10702.422624208151,15.035891,400,,10702.422624208151,15.526803,400,,10698.613189458343,17.650332,387,,10698.613189458343,16.304901,387,
mtest4ma,0.10190925731539655,49191.890929440706,0.302428,616,0.16874638592741692,46729.55626439197,0.19864199999999999,400,0.16874638592741692,46729.55626439197,0.223596,400,0.16874638592741692,46729.55626439197,0.21337699999999998,400,0.16874638592741692,46729.55626439197,0.222021,400,0.10190925731539655,49191.890929440706,0.31224199999999996,616,default
n3709,0.27553727745255924,1011667.0228385342,14.428904,554,0.3213166962631156,995628.0759340641,5.87784,400,0.307870133122286,996811.5082555402,7.797451,399,0.307870133122286,996811.5082555402,7.787231,399,0.307870133122286,996811.5082555402,7.852122,399,0.27553727745255924,1011667.0228385342,14.950837,554,default
neos-1223462,,-751.0,29.273879,746,,-751.0,9.088019,400,,-751.0,9.150141,400,,-751.0,9.300952,400,,-751.0,9.619758,400,,-751.0,29.526305,746,
neos-1324574,0.7777777777777771,4.500000000000002,13.846909,18,0.7777777777777775,4.500000000000001,18.259668,304,0.7777777777777775,4.500000000000001,18.869746,304,0.7777777777777775,4.500000000000001,17.853229,304,0.7777777777777775,4.500000000000001,17.853263,304,0.7777777777777778,4.5,14.853457,77,default
neos-1330346,0.7777777777777767,4.500000000000003,6.489355,58,0.7777777777777775,4.500000000000001,5.07312,108,0.7777777777777775,4.500000000000001,5.053595,108,0.7777777777777775,4.500000000000001,5.090208,108,0.7777777777777775,4.500000000000001,5.029357,108,0.7777777777777775,4.500000000000001,6.226813,89,default
neos-1396125,0.5633044575952543,1919.0467083548951,2.257072,107,,1874.0605977265216,2.7431900000000002,400,,1874.0605977265216,2.88136,400,,1874.0605977265216,2.924751,400,,1874.0605977265216,2.8987179999999997,400,,1871.7857564908772,2.197699,378,default
neos-1601936,,3.000000000000682,30.000291,40,14423.333333328957,3.0000000000009095,30.008472,50,14423.333333328957,3.0000000000009095,30.008966,50,,3.0000000000005684,27.399917,33,14423.333333328957,3.0000000000009095,30.007615,50,,3.0000000000001137,26.132431,45,efficacy
neos-2656603-coxs,,0.0,0.120513,83,,0.0,0.219526,393,,0.0,0.23914,393,,0.0,0.237035,393,,0.0,0.238692,393,,0.0,0.160441,316,
neos-3075395-nile,0.11688516817010818,5413218.09287306,12.391179,174,0.12532952265547456,5733060.290443642,10.993753,400,0.34617996682090585,5595965.016319549,12.233551,281,0.34617996682090585,5595965.016319549,11.934477,281,0.34617996682090585,5595965.016319549,12.457562,281,0.11688516817010818,5413218.09287306,12.258744,174,default
neos-3135526-osun,,68.0,0.217463,77,,86.95777778717049,0.314417,400,,86.95777778717049,0.33566399999999996,400,,86.95777778717049,0.33591699999999997,400,,86.95777778717049,0.33588799999999996,400,,68.0,0.217027,77,
neos-3230376-yser,,-1e+20,0.6764399999999999,0,,-1e+20,0.694892,0,,-1e+20,0.691068,0,,-1e+20,0.680958,0,,-1e+20,0.686175,0,,-1e+20,0.689103,0,
neos-3322547-alsek,,-1e+20,181.091885,0,,-1e+20,176.760182,0,,-1e+20,159.047075,0,,-1e+20,168.121674,0,,-1e+20,165.20839,0,,-1e+20,155.499285,0,
neos-3426085-ticino,0.25349106278908046,221.78060000000005,0.8366929999999999,1383,0.2534910627890808,221.7806,0.437787,400,0.2534910627890808,221.7806,0.708519,400,0.2534910627890808,221.7806,0.7084499999999999,400,0.2534910627890808,221.7806,0.725134,400,0.25349106278908046,221.78060000000005,0.87734,1383,default
neos-3530903-gauja,0.18668877741082843,163.48010000000002,0.355597,1275,0.18668877741082865,163.4801,0.164943,400,0.18668877741082865,163.4801,0.29251099999999997,356,0.18668877741082865,163.4801,0.290419,356,0.18668877741082865,163.4801,0.291913,356,0.18668877741082843,163.48010000000002,0.35174099999999997,1275,default
neos-3610040-iskar,0.05676634457015593,35.01247006030449,0.075096,74,0.04452592317035125,35.422768529954126,0.13089499999999998,338,0.04452592317035125,35.422768529954126,0.132797,338,0.04452592317035125,35.422768529954126,0.134136,338,0.04452592317035125,35.422768529954126,0.13416799999999998,338,0.04854404151895625,35.28702518436951,0.12046799999999999,307,efficacy
neos-3610173-itata,0.02783812185928805,143.9915458012768,0.108012,119,0.016896281900477147,145.54089992678786,0.126229,346,0.023629101210203323,144.58361903254257,0.15017999999999998,313,0.023629101210203323,144.58361903254257,0.149284,313,0.023629101210203323,144.58361903254257,0.145817,313,0.013226157349777834,146.06808058243666,0.15240599999999999,525,scip_ensemble
neos-3654993-kolva,,-1e+20,0.017478999999999998,0,,-1e+20,0.017551,0,,-1e+20,0.016611,0,,-1e+20,0.017508,0,,-1e+20,0.016474,0,,-1e+20,0.015771999999999998,0,
neos-3665875-lesum,12.884594914251924,338.2,8.557382,49,12.901722011151131,337.78333333333336,17.772516,400,12.901722011151131,337.78333333333336,18.162789,400,12.901722011151131,337.78333333333336,18.823225,400,12.901722011151131,337.78333333333336,18.488404,400,12.901722011151131,337.78333333333336,13.568248,412,default
neos-3691541-lonja,,-0.036896518737410476,3.42198,134,,-0.03658079634133726,3.398358,317,,-0.03658079634133726,3.422231,317,,-0.03658079634133726,3.283836,317,,-0.03658079634133726,3.251881,317,,-0.03812612187147737,2.935011,206,
neos-4358725-tagus,121.21547527511645,2201.0176648617135,14.080291,771,111.34408457117323,2204.340436875522,11.370515,400,111.34408457117323,2204.340436875522,11.531503,400,111.34408457117323,2204.340436875522,11.072007,400,121.21547527511645,2201.0176648617135,13.417103000000001,771,121.21547527511645,2201.0176648617135,13.719845,771,efficacy
neos-4393408-tinui,0.8333247514630097,358.07957617772087,2.523304,131,1.0496799321374635,349.02244922799855,3.25484,400,1.0496799321374635,349.02244922799855,3.4516109999999998,400,1.0496799321374635,349.02244922799855,3.109587,400,1.0496799321374635,349.02244922799855,3.006619,400,0.9143682869893741,348.1858216781564,2.912687,356,default
neos-4408804-prosna,,0.0,30.001691,0,,0.0,30.002074,0,,0.0,30.001841,0,24.962195678819487,914.4835164835165,30.001802,50,24.962195678819487,914.4835164835165,30.081721,50,24.962195678819487,914.4835164835165,30.003912,39,raise_portfolio
neos-4760493-puerua,4.2726264540449215,1926.7602760486366,30.002015,13,4.273412472366571,1926.4730865131437,30.004199,100,4.273412472366571,1926.4730865131437,30.030925,100,4.273412472366571,1926.4730865131437,30.033499,100,4.273412472366571,1926.4730865131437,30.03706,100,4.2726264540449215,1926.7602760486366,30.001909,13,default
neos-4805882-barwon,0.5012704634196041,2427.943590988525,20.930647,222,0.2591902724618148,2434.103937292723,16.889281,400,0.2591902724618148,2434.103937292723,16.448117,400,0.2591902724618148,2434.103937292723,17.131631,400,0.5012704634196041,2427.943590988525,21.191324,222,0.5012704634196041,2427.943590988525,22.085044,222,efficacy
neos-4971100-bodrog,0.0,0.0,1.08838,0,0.0,0.0,1.132862,0,0.0,0.0,1.142621,0,0.0,0.0,1.144109,0,0.0,0.0,1.137995,0,0.0,0.0,1.160062,0,default
neos-5083528-gimone,,0.0,19.387511,80,0.0,0.0,7.464011,108,0.0,0.0,8.149637,113,0.0,0.0,8.192988,113,0.0,0.0,8.174787,113,,0.0,19.358421,80,efficacy
neos-5102383-irwell,0.7064664366698167,2032.269680479524,17.520192,690,0.5585469689120843,1959.5174614030334,9.989443,400,0.5730205208955986,1964.3736104858376,11.615777,400,0.5730205208955986,1964.3736104858376,11.493827,400,0.5730205208955986,1964.3736104858376,11.67352,400,0.7064664366698167,2032.269680479524,17.175898,690,efficacy
neos-5108386-kalang,,0.0,30.080916,0,,0.0,30.07468,0,,0.0,30.077451,0,,0.0,30.080474,0,,0.0,30.080438,0,,0.0,30.081382,0,
neos-5118851-kowhai,,0.0,30.079186,0,,0.0,30.072867,0,,0.0,30.075406,0,,0.0,30.083073,0,,0.0,30.085299,0,,0.0,30.075899,0,
neos-5251015-ogosta,,-1e+20,30.030648,0,,-1e+20,30.318131,0,,-1e+20,30.00126,0,,-1e+20,32.313929,0,,-1e+20,31.908531,0,,-1e+20,32.491622,0,
neos-578379,,-1e+20,30.000492,0,,-1e+20,30.001422,0,,-1e+20,30.001315,0,,-1e+20,30.001284,0,,-1e+20,30.001506,0,,-1e+20,30.000713,0,
neos-738098,,-1099.0,30.004259,1200,,-1099.0,30.000569,350,,-1099.0,30.00046,300,,-1099.0,30.000482,1200,,-1099.0,30.00039,1400,,-1099.0,30.000604,1400,
neos-799716,0.0,4932670.661692029,4.163254,55,0.0,4932670.661692029,2.869061,67,0.0,4932670.661692029,2.542501,67,0.0,4932670.661692029,2.753013,67,0.0,4932670.661692029,2.177531,67,0.0,4932670.661692029,4.408079,68,default
neos-850681,0.0,2472.0,1.6523059999999998,58,0.0,2472.0,1.889773,72,0.0,2472.0,1.9509949999999998,72,0.0,2472.0,1.9102190000000001,72,0.0,2472.0,1.938894,72,0.06634304207119703,2472.000000000001,2.925765,90,default
neos-876808,,0.0,30.003886,0,,0.0,30.003626,0,,0.0,30.003813,0,,0.0,30.003872,0,,0.0,30.003188,0,,0.0,30.003344,0,
neos-885524,,12320.092,8.117436,74,0.0,12320.092,7.14596,377,0.0003867665923273477,12320.092,9.665699,355,0.0003867665923273477,12320.092,9.715395000000001,355,0.0003867665923273477,12320.092,9.336852,355,0.0,12320.092,6.430261,331,efficacy
neos-933638,126.8804347826087,276.0,30.000673,31,98.34782608695654,276.0,30.002864,28,97.8659420289855,276.0,30.087789,34,97.8659420289855,276.0,30.000371,35,97.8659420289855,276.0,30.000363,35,126.88043478260867,276.00000000000006,30.000314,47,raise_cut
neos18,0.46153846153846156,13.0,0.42288699999999996,154,0.46153846153846156,13.0,0.536253,400,0.46153846153846156,13.0,0.555173,400,0.46153846153846156,13.0,0.559975,400,0.46153846153846156,13.0,0.576429,400,0.46153846153846156,13.0,0.428235,154,default
newdano,1.1932348364594005,35.33593334907555,1.692667,417,1.4137308269742002,31.382952545275536,1.331895,400,1.6320324428152233,31.53456570285401,1.722197,357,1.6320324428152233,31.53456570285401,1.738352,357,1.6320324428152233,31.53456570285401,1.73792,357,1.1932348364594005,35.33593334907555,1.7793519999999998,417,default
nexp-50-20-1-1,0.09444872297571917,26.497358342336316,0.088373,165,0.0,29.0,0.044116999999999996,388,0.0,29.0,0.053891999999999995,388,0.0,29.0,0.051895,388,0.0,29.0,0.052175,388,0.0,29.0,0.08316699999999999,355,efficacy
nexp-50-20-4-2,0.12073849675696346,67.81242923297289,0.35481399999999996,162,0.07720658639759387,69.6245278733542,0.33169,400,0.1190597613162028,68.80776403704752,0.48577299999999995,252,0.1190597613162028,68.80776403704752,0.489969,252,0.1190597613162028,68.80776403704752,0.491058,252,0.12073849675696346,67.81242923297289,0.362245,162,efficacy
nj3,,-1e+20,30.008579,0,,0.0,30.077001,0,,-1e+20,30.091452,0,,0.0,30.001986,0,,0.0,30.001911,0,,0.0,30.001861,0,
ns1430538,,0.0,30.001465,0,,0.0,30.001559,0,,0.0,30.002324,0,,0.0,30.001914,0,,0.0,30.001991,0,,0.0,30.002969,0,
ns930473,,0.0,30.001444,600,,0.0,30.000565,300,,0.0,30.000474,200,,0.0,30.0004,600,,0.0,30.030292,600,,0.0,30.000476,400,
nsrand-ipx,0.11525003152981632,50069.48972994233,4.197802,83,0.12625346459827028,50432.69724391952,4.699614,400,0.1375046276176987,50355.83909663979,5.448309,332,0.1375046276176987,50355.83909663979,5.492097,332,0.1375046276176987,50355.83909663979,5.429552,332,0.11525003152981632,50069.48972994233,4.154455,83,default
nu120-pr12,0.03730763684568713,42051.17021276595,0.476247,164,0.0,42215.0,0.35076799999999997,402,0.0,42215.0,0.41408,402,0.0,42215.0,0.412911,402,0.0,42215.0,0.41407299999999997,402,0.03730763684568713,42051.17021276595,0.483851,164,efficacy
nursesched-medium04,,233.55555555555554,30.026137,687,,233.0,30.022857,400,,233.0,30.018248,264,,233.0,30.016186,264,,233.0,30.013278,264,,233.55555555555554,30.017519,687,
ofi2,,4903954550.612663,30.35625,0,,4903954550.612663,30.351701,0,,4903954550.612663,30.369043,0,,4903954550.612663,30.374483,0,,4903954550.612663,30.344689,0,,4903954550.612663,30.38928,0,
opt1217,0.125,-18.0,0.08158599999999999,65,0.0,-16.0,0.058088999999999995,250,0.0,-16.0,0.07232899999999999,250,0.0,-16.0,0.071194,250,0.0,-16.0,0.072005,250,0.0,-16.0,0.036424,159,efficacy
p500x2988c,0.005761454038233641,15151.704152922026,0.2753,65,3.10733161796348e-05,15214.527234184729,0.35267699999999996,341,3.10733161796348e-05,15214.527234184729,0.38032499999999997,341,3.10733161796348e-05,15214.527234184729,0.385839,341,3.10733161796348e-05,15214.527234184729,0.383549,341,0.0,15215.0,0.505609,294,scip_ensemble
pb-fit2d,,-67530.0,30.009141,0,,-67530.0,30.00598,0,,-67530.0,30.005914,0,,-67530.0,30.007512,0,,-67530.0,30.007046,0,,-67530.0,30.007229,0,
pigeon-16,,-16000.0,0.40093599999999996,354,,-16000.0,0.283176,416,,-16000.0,0.27070299999999997,318,,-16000.0,0.268047,318,,-16000.0,0.265052,318,,-16000.0,0.39955399999999996,354,
prod1,0.5810986735862455,-79.05493367931227,0.109771,22,0.5754897267794319,-78.77448633897158,0.219519,400,0.5754897267794319,-78.77448633897158,0.23554499999999998,400,0.5754897267794319,-78.77448633897158,0.239331,400,0.5754897267794319,-78.77448633897158,0.243468,400,0.5810986735862455,-79.05493367931227,0.110854,22,efficacy
pythago7825,,0.0,30.007594,0,,0.0,30.007503,0,,0.0,30.007161,0,,0.0,30.006896,0,,0.0,30.015412,0,,0.0,30.008228,0,
qiu,,-780.3632897882829,1.746751,13,,-808.9567493851149,5.771601,380,,-808.9567493851149,5.9646,380,,-808.9567493851149,6.045779,380,,-808.9567493851149,6.040368,380,,-832.394769479454,1.885378,61,
ramos3,,0.0,30.000653,0,,0.0,30.223409,0,,0.0,30.082655,0,,0.0,30.000795,0,,0.0,30.135488,0,,0.0,30.220588,0,
ran12x21,0.12277691950030696,3419.201030342297,0.273123,96,0.13040144629812886,3444.793894020733,0.348059,400,0.11050059435787306,3439.890099481528,0.446484,330,0.11050059435787306,3439.890099481528,0.44109299999999996,330,0.11050059435787306,3439.890099481528,0.442812,330,0.12277691950030696,3419.201030342297,0.275835,96,raise_cut
reblock166,3.07794470569954,-741421532.8755554,9.327886,12,2.996208470885386,-726560859.4528168,9.064127,184,2.996208470885386,-726560859.4528168,9.408006,184,2.996208470885386,-726560859.4528168,9.444198,184,2.996208470885386,-726560859.4528168,8.958285,184,3.0054485577106926,-728240823.2170012,9.434049,61,efficacy
rmine21,,-1e+20,30.126979,0,,-1e+20,30.133055,0,,-1e+20,30.109142,0,,-1e+20,30.156205,0,,-1e+20,30.09799,0,,-1e+20,30.094088,0,
rococoC11-010100,0.8136544405200897,12988.141221237824,9.322471,421,1.0284831557644394,11612.617996387975,6.156873,400,0.7189816875401089,13703.461863930048,11.015071,400,0.7189816875401089,13703.461863930048,10.782803,400,0.7189816875401089,13703.461863930048,10.787296,400,0.8136544405200897,12988.141221237824,8.9442,421,raise_cut
rococoC11-011100,0.6909556536685842,13930.58413382662,5.845993,381,0.838690691991073,12811.290176539582,3.458773,400,0.7727105903154373,13288.12504911387,5.39482,400,0.7727105903154373,13288.12504911387,5.430506,400,0.7727105903154373,13288.12504911387,5.45129,400,0.6909556536685842,13930.58413382662,5.924119,381,default
rococoC12-010001,0.4307487047222128,31073.241480677592,28.809066,505,0.5228547616006516,30216.93280298984,13.068027,400,0.540057978473198,30869.617030348294,20.188022,400,0.540057978473198,30869.617030348294,19.827231,400,0.540057978473198,30869.617030348294,19.625329999999998,400,0.4307487047222128,31073.241480677592,27.854874,505,default
satellites3-25,,-821.0,30.001243,0,,-821.0,30.001808,0,,-821.0,30.001889,0,,-1e+20,30.002453,0,,-821.0,30.000986,0,,-821.0,30.002623,0,
scpk4,0.3616392701449789,280.5442001972566,30.054535,0,0.3616392701449789,280.5442001972566,30.049498,0,0.3616392701449789,280.5442001972566,30.054087,0,0.3616392701449789,280.5442001972566,30.052657,0,0.3616392701449789,280.5442001972566,30.054377,0,0.3616392701449789,280.5442001972566,30.049,0,default
sct32,,-49.2634916108574,17.767989,387,,-49.04214195463656,20.720401,400,,-50.663810538131585,14.031286,351,,-50.663810538131585,13.894496,351,,-50.663810538131585,13.804983,351,,-49.2634916108574,17.460413,387,
set3-10,13.812995184788688,69538.13928004356,2.8021789999999998,444,8.084081970867883,58830.68282418341,1.9220519999999999,400,8.084081970867883,58830.68282418341,1.943109,400,13.812995184788688,69538.13928004356,2.804038,444,13.812995184788688,69538.13928004356,2.791073,444,13.812995184788688,69538.13928004356,2.7482509999999998,444,efficacy
set3-15,11.213663497746076,40994.25986504949,3.332327,446,14.299943740155811,33083.09807149255,2.595437,400,14.299943740155811,33083.09807149255,2.462717,400,41.30634701073824,40209.194687914656,3.171048,563,41.30634701073824,40209.194687914656,3.159579,563,41.30634701073824,40209.194687914656,3.126914,563,default
shipsched,,35585.66156488322,7.755932,1338,15.141555149824185,19719.909082209284,6.910291,400,,19788.90628957405,5.851156,400,,35585.66156488322,7.286306,1338,,35585.66156488322,6.883269,1338,,35585.66156488322,7.052684,1338,efficacy
sing11,,-7234584.11680506,30.004348,0,,-7234584.11680506,30.00332,0,,-7234584.11680506,30.002791,0,,-7234584.11680506,30.009423,0,,-7234584.11680506,30.002393,0,,-7234584.11680506,30.002966,0,
snp-06-004-052,,-1e+20,31.683241,0,,-1e+20,31.551187,0,,-1e+20,31.529223,0,,-1e+20,31.457201,0,,-1e+20,31.536131,0,,-1e+20,31.530924,0,
sorrell7,3.5501644736842106,-691.625,13.520026,1039,4.315789473684211,-808.0,4.207021,400,5.154605263157895,-935.5,3.258209,86,5.154605263157895,-935.5,3.10089,86,5.154605263157895,-935.5,3.120628,86,3.5345394736842106,-689.25,14.026890999999999,1028,scip_ensemble
sp97ic,1.2485970132955755,422203266.33299106,9.316291,20,1.2486718477991476,422189215.65153056,6.615795,35,1.2486718477991476,422189215.65153056,6.658485,35,1.2486718477991476,422189215.65153056,6.428796,35,1.2486718477991476,422189215.65153056,6.54077,35,1.2474343315030276,422421687.8653307,10.968835,65,scip_ensemble
sp98ir,0.14447303068741701,217265043.1532216,2.891012,30,0.22295071101979264,217251943.84853667,2.461901,85,0.23062951200103246,217214039.9634555,2.369007,100,0.23062951200103246,217214039.9634555,2.359412,100,0.23062951200103246,217214039.9634555,2.313037,100,0.24034271839708002,217221880.37527987,2.418227,81,default
square37,9.0,4.0,30.000642,0,9.0,4.0,30.000272,0,9.0,4.0,30.000862,0,9.0,4.0,30.000959,0,9.0,4.0,30.00131,0,9.0,4.0,30.000734,0,default
stoch-vrpvrp-s5v2c8vrp-v2c8i,72.37499999999999,8.000000000000002,25.873073,1169,,0.0,20.538676,400,,0.0,18.608821,400,72.37499999999999,8.000000000000002,25.650467,1169,72.37499999999999,8.000000000000002,26.201026,1169,72.37499999999999,8.000000000000002,25.477934,1169,default
supportcase16,0.02143416319560278,282.9355140186916,0.06591799999999999,23,0.01691419141914188,285.1764705882353,0.15911,397,0.008726003490401396,286.5,0.147917,262,0.008726003490401396,286.5,0.153526,262,0.008726003490401396,286.5,0.148968,262,0.024104283246086718,284.15074984123885,0.068145,79,raise_cut
supportcase23,,-12952.0,30.058303,639,,-12952.0,30.063074,400,,-12952.0,30.052533,400,,-12952.0,30.057255,639,,-12952.0,30.054054,639,,-12952.0,30.061937,639,
supportcase27i,41987046.22261538,0.000104627505161492,1.6120670000000001,253,,0.0,1.600001,400,,0.0,1.6897440000000001,276,41987046.22261538,0.000104627505161492,1.65667,253,41987046.22261538,0.000104627505161492,1.669738,253,41987046.22261538,0.000104627505161492,1.751894,253,default
supportcase41,,28.0,21.651997,239,,28.0,26.441312,400,,28.0,25.400367,400,,28.0,25.942833,400,,28.0,23.743712,549,,28.0,23.561177999999998,549,
swath2,0.463711209985311,345.65593865,2.144375,75,0.31434245373890557,340.71190425,2.074104,176,0.31434245373890557,340.71190425,2.079572,165,0.31434245373890557,340.71190425,2.081301,165,0.31434245373890557,340.71190425,2.164856,165,0.3143425247194089,340.71188585,2.261429,178,efficacy
tanglegram4,89.42857142857143,119.0,24.398293,87,95.18770949720671,111.87499999999999,30.006247,312,91.00712504453152,116.95833333333333,15.428607,35,91.00712504453152,116.95833333333333,15.220274,35,91.00712504453152,116.95833333333333,15.173229,35,89.42857142857143,119.0,23.976321,87,default
tokyometro,3.5949781883194625,4508.378310186557,2.023474,805,5.010159763092577,3454.5337925121175,2.025478,400,5.010159763092577,3454.5337925121175,2.016796,400,5.010159763092577,3454.5337925121175,2.071148,400,5.010159763092577,3454.5337925121175,2.039481,400,3.5949781883194625,4508.378310186557,2.056113,805,default
tw-myciel4,1.4,5.0,4.602887,57,1.4,5.0,5.589302,399,1.4,5.0,5.612499,399,1.4,5.0,5.558651,399,1.4,5.0,5.478035,399,1.4,5.0,4.402738,57,default
uc720-7-4-4-8,,-1e+20,30.224111,0,,-1e+20,31.341443,0,,-1e+20,30.618665,0,,-1e+20,30.759841,0,,-1e+20,30.069999,0,,-1e+20,30.480185,0,
umts,0.15124266675874282,29140918.73823024,1.764544,115,0.04837261253617257,29141053.128136627,2.262465,395,0.15118915117379683,29142273.418571476,2.544557,351,0.15118915117379683,29142273.418571476,2.552149,351,0.15118915117379683,29142273.418571476,2.506629,351,0.1510782722644578,29145080.580838516,2.5051829999999997,584,efficacy
vpphard,,0.0,30.001278,67,,0.0,30.000798,101,,0.0,30.00959,86,,0.0,29.732477,86,,0.0,30.002819,86,,0.0,30.0003,99,
xmas10,,-531.1029198340607,5.20878,178,,-530.1421249867976,7.432897,400,,-530.5632010160115,8.193463,400,,-530.5632010160115,8.077644,400,,-530.5632010160115,8.082651,400,,-531.1029198340607,5.00073,178,
zeil,859.8413614653774,2.5119999999988067,30.002061,0,859.8413614653774,2.5119999999988067,30.007547,0,859.8413614653774,2.5119999999988067,30.004351,0,859.8413614653774,2.5119999999988067,30.00339,0,859.8413614653774,2.5119999999988067,30.004154,0,859.8413614653774,2.5119999999988067,30.023844,0,default
