instance,policy,budget,seed,resolved_policy,resolution_reason,source_run_id,status,incumbent,ttff,elapsed,gap_vs_opt
academictimetablesmall,budgeted_portfolio,10,0,boltzmann_adaptive,budget<=180,p45_academictimetablesmall_boltzmann_adaptive_b10_s0_1788018755,time_limit,,,10.015423667035066,
academictimetablesmall,instance_aware_portfolio,10,0,boltzmann_adaptive,frac_count=4991<5000,p45_academictimetablesmall_boltzmann_adaptive_b10_s0_1788018755,time_limit,,,10.015423667035066,
academictimetablesmall,multi_feature_portfolio,10,0,safeguarded_hybrid,votes=2/4,p45_academictimetablesmall_safeguarded_hybrid_b10_s0_1788018765,time_limit,,,10.086507082975004,
academictimetablesmall,budgeted_portfolio,10,1,boltzmann_adaptive,budget<=180,p45_academictimetablesmall_boltzmann_adaptive_b10_s1_1788018836,time_limit,,,10.085666375001892,
academictimetablesmall,instance_aware_portfolio,10,1,safeguarded_hybrid,frac_count=5250>=5000,p45_academictimetablesmall_safeguarded_hybrid_b10_s1_1788018846,time_limit,,,10.001360333000775,
academictimetablesmall,multi_feature_portfolio,10,1,safeguarded_hybrid,votes=3/4,p45_academictimetablesmall_safeguarded_hybrid_b10_s1_1788018846,time_limit,,,10.001360333000775,
academictimetablesmall,budgeted_portfolio,10,2,boltzmann_adaptive,budget<=180,p45_academictimetablesmall_boltzmann_adaptive_b10_s2_1788018917,time_limit,,,10.008305999974255,
academictimetablesmall,instance_aware_portfolio,10,2,safeguarded_hybrid,frac_count=5258>=5000,p45_academictimetablesmall_safeguarded_hybrid_b10_s2_1788018927,time_limit,,,10.001516749965958,
academictimetablesmall,multi_feature_portfolio,10,2,safeguarded_hybrid,votes=3/4,p45_academictimetablesmall_safeguarded_hybrid_b10_s2_1788018927,time_limit,,,10.001516749965958,
academictimetablesmall,budgeted_portfolio,60,0,boltzmann_adaptive,budget<=180,p45_academictimetablesmall_boltzmann_adaptive_b60_s0_1788019128,time_limit,,,60.000800125009846,
academictimetablesmall,instance_aware_portfolio,60,0,boltzmann_adaptive,frac_count=4991<5000,p45_academictimetablesmall_boltzmann_adaptive_b60_s0_1788019128,time_limit,,,60.000800125009846,
academictimetablesmall,multi_feature_portfolio,60,0,safeguarded_hybrid,votes=2/4,p45_academictimetablesmall_safeguarded_hybrid_b60_s0_1788019178,time_limit,,,60.038424834026955,
academictimetablesmall,budgeted_portfolio,60,1,boltzmann_adaptive,budget<=180,p45_academictimetablesmall_boltzmann_adaptive_b60_s1_1788019269,time_limit,,,60.0051974170492,
academictimetablesmall,instance_aware_portfolio,60,1,safeguarded_hybrid,frac_count=5250>=5000,p45_academictimetablesmall_safeguarded_hybrid_b60_s1_1788019282,time_limit,,,60.206891541951336,
academictimetablesmall,multi_feature_portfolio,60,1,safeguarded_hybrid,votes=3/4,p45_academictimetablesmall_safeguarded_hybrid_b60_s1_1788019282,time_limit,,,60.206891541951336,
academictimetablesmall,budgeted_portfolio,60,2,boltzmann_adaptive,budget<=180,p45_academictimetablesmall_boltzmann_adaptive_b60_s2_1788019358,time_limit,,,60.0253792500007,
academictimetablesmall,instance_aware_portfolio,60,2,safeguarded_hybrid,frac_count=5258>=5000,p45_academictimetablesmall_safeguarded_hybrid_b60_s2_1788019359,time_limit,,,60.00265391601715,
academictimetablesmall,multi_feature_portfolio,60,2,safeguarded_hybrid,votes=3/4,p45_academictimetablesmall_safeguarded_hybrid_b60_s2_1788019359,time_limit,,,60.00265391601715,
academictimetablesmall,budgeted_portfolio,300,0,best_estimate,budget>180,p45_academictimetablesmall_best_estimate_b300_s0_1788019419,node_limit,,,134.11273458402138,
academictimetablesmall,instance_aware_portfolio,300,0,best_estimate,budget>180,p45_academictimetablesmall_best_estimate_b300_s0_1788019419,node_limit,,,134.11273458402138,
academictimetablesmall,multi_feature_portfolio,300,0,best_estimate,budget>180,p45_academictimetablesmall_best_estimate_b300_s0_1788019419,node_limit,,,134.11273458402138,
academictimetablesmall,budgeted_portfolio,300,1,best_estimate,budget>180,p45_academictimetablesmall_best_estimate_b300_s1_1788019568,node_limit,,,135.64975783298723,
academictimetablesmall,instance_aware_portfolio,300,1,best_estimate,budget>180,p45_academictimetablesmall_best_estimate_b300_s1_1788019568,node_limit,,,135.64975783298723,
academictimetablesmall,multi_feature_portfolio,300,1,best_estimate,budget>180,p45_academictimetablesmall_best_estimate_b300_s1_1788019568,node_limit,,,135.64975783298723,
academictimetablesmall,budgeted_portfolio,300,2,best_estimate,budget>180,p45_academictimetablesmall_best_estimate_b300_s2_1788019704,node_limit,,,133.13119966699742,
academictimetablesmall,instance_aware_portfolio,300,2,best_estimate,budget>180,p45_academictimetablesmall_best_estimate_b300_s2_1788019704,node_limit,,,133.13119966699742,
academictimetablesmall,multi_feature_portfolio,300,2,best_estimate,budget>180,p45_academictimetablesmall_best_estimate_b300_s2_1788019704,node_limit,,,133.13119966699742,
academictimetablesmall,budgeted_portfolio,900,0,best_estimate,budget>180,p45_academictimetablesmall_best_estimate_b900_s0_1788019837,node_limit,,,135.33437237504404,
academictimetablesmall,instance_aware_portfolio,900,0,best_estimate,budget>180,p45_academictimetablesmall_best_estimate_b900_s0_1788019837,node_limit,,,135.33437237504404,
academictimetablesmall,multi_feature_portfolio,900,0,best_estimate,budget>180,p45_academictimetablesmall_best_estimate_b900_s0_1788019837,node_limit,,,135.33437237504404,
academictimetablesmall,budgeted_portfolio,900,1,best_estimate,budget>180,p45_academictimetablesmall_best_estimate_b900_s1_1788019974,node_limit,,,136.43028650002088,
academictimetablesmall,instance_aware_portfolio,900,1,best_estimate,budget>180,p45_academictimetablesmall_best_estimate_b900_s1_1788019974,node_limit,,,136.43028650002088,
academictimetablesmall,multi_feature_portfolio,900,1,best_estimate,budget>180,p45_academictimetablesmall_best_estimate_b900_s1_1788019974,node_limit,,,136.43028650002088,
academictimetablesmall,budgeted_portfolio,900,2,best_estimate,budget>180,p45_academictimetablesmall_best_estimate_b900_s2_1788020110,node_limit,,,133.98677854199195,
academictimetablesmall,instance_aware_portfolio,900,2,best_estimate,budget>180,p45_academictimetablesmall_best_estimate_b900_s2_1788020110,node_limit,,,133.98677854199195,
academictimetablesmall,multi_feature_portfolio,900,2,best_estimate,budget>180,p45_academictimetablesmall_best_estimate_b900_s2_1788020110,node_limit,,,133.98677854199195,
air05,budgeted_portfolio,10,0,boltzmann_adaptive,budget<=180,p45_air05_boltzmann_adaptive_b10_s0_1787997976,time_limit,29888.0,0.20916824997402728,10.000981457997113,
air05,instance_aware_portfolio,10,0,boltzmann_adaptive,frac_count=224<5000,p45_air05_boltzmann_adaptive_b10_s0_1787997976,time_limit,29888.0,0.20916824997402728,10.000981457997113,
air05,multi_feature_portfolio,10,0,boltzmann_adaptive,votes=0/4,p45_air05_boltzmann_adaptive_b10_s0_1787997976,time_limit,29888.0,0.20916824997402728,10.000981457997113,
air05,budgeted_portfolio,10,1,boltzmann_adaptive,budget<=180,p45_air05_boltzmann_adaptive_b10_s1_1787997986,time_limit,29888.0,0.2093740840209648,10.027546208992135,
air05,instance_aware_portfolio,10,1,boltzmann_adaptive,frac_count=224<5000,p45_air05_boltzmann_adaptive_b10_s1_1787997986,time_limit,29888.0,0.2093740840209648,10.027546208992135,
air05,multi_feature_portfolio,10,1,boltzmann_adaptive,votes=0/4,p45_air05_boltzmann_adaptive_b10_s1_1787997986,time_limit,29888.0,0.2093740840209648,10.027546208992135,
air05,budgeted_portfolio,10,2,boltzmann_adaptive,budget<=180,p45_air05_boltzmann_adaptive_b10_s2_1787997996,time_limit,28671.0,0.21048841701122,10.027785792015493,
air05,instance_aware_portfolio,10,2,boltzmann_adaptive,frac_count=224<5000,p45_air05_boltzmann_adaptive_b10_s2_1787997996,time_limit,28671.0,0.21048841701122,10.027785792015493,
air05,multi_feature_portfolio,10,2,boltzmann_adaptive,votes=0/4,p45_air05_boltzmann_adaptive_b10_s2_1787997996,time_limit,28671.0,0.21048841701122,10.027785792015493,
air05,budgeted_portfolio,60,0,boltzmann_adaptive,budget<=180,p45_air05_boltzmann_adaptive_b60_s0_1787998041,node_limit,27615.0,0.21224912500474602,34.94870291603729,
air05,instance_aware_portfolio,60,0,boltzmann_adaptive,frac_count=224<5000,p45_air05_boltzmann_adaptive_b60_s0_1787998041,node_limit,27615.0,0.21224912500474602,34.94870291603729,
air05,multi_feature_portfolio,60,0,boltzmann_adaptive,votes=0/4,p45_air05_boltzmann_adaptive_b60_s0_1787998041,node_limit,27615.0,0.21224912500474602,34.94870291603729,
air05,budgeted_portfolio,60,1,boltzmann_adaptive,budget<=180,p45_air05_boltzmann_adaptive_b60_s1_1787998076,node_limit,26618.0,0.21156170801259577,37.361634625005536,
air05,instance_aware_portfolio,60,1,boltzmann_adaptive,frac_count=224<5000,p45_air05_boltzmann_adaptive_b60_s1_1787998076,node_limit,26618.0,0.21156170801259577,37.361634625005536,
air05,multi_feature_portfolio,60,1,boltzmann_adaptive,votes=0/4,p45_air05_boltzmann_adaptive_b60_s1_1787998076,node_limit,26618.0,0.21156170801259577,37.361634625005536,
air05,budgeted_portfolio,60,2,boltzmann_adaptive,budget<=180,p45_air05_boltzmann_adaptive_b60_s2_1787998113,node_limit,27510.0,0.21156279096612707,35.579596291005146,
air05,instance_aware_portfolio,60,2,boltzmann_adaptive,frac_count=224<5000,p45_air05_boltzmann_adaptive_b60_s2_1787998113,node_limit,27510.0,0.21156279096612707,35.579596291005146,
air05,multi_feature_portfolio,60,2,boltzmann_adaptive,votes=0/4,p45_air05_boltzmann_adaptive_b60_s2_1787998113,node_limit,27510.0,0.21156279096612707,35.579596291005146,
air05,budgeted_portfolio,300,0,best_estimate,budget>180,p45_air05_best_estimate_b300_s0_1787998162,node_limit,26611.0,0.21273891697637737,34.634450417011976,
air05,instance_aware_portfolio,300,0,best_estimate,budget>180,p45_air05_best_estimate_b300_s0_1787998162,node_limit,26611.0,0.21273891697637737,34.634450417011976,
air05,multi_feature_portfolio,300,0,best_estimate,budget>180,p45_air05_best_estimate_b300_s0_1787998162,node_limit,26611.0,0.21273891697637737,34.634450417011976,
air05,budgeted_portfolio,300,1,best_estimate,budget>180,p45_air05_best_estimate_b300_s1_1787998216,node_limit,26611.0,0.21766620897687972,34.85787495900877,
air05,instance_aware_portfolio,300,1,best_estimate,budget>180,p45_air05_best_estimate_b300_s1_1787998216,node_limit,26611.0,0.21766620897687972,34.85787495900877,
air05,multi_feature_portfolio,300,1,best_estimate,budget>180,p45_air05_best_estimate_b300_s1_1787998216,node_limit,26611.0,0.21766620897687972,34.85787495900877,
air05,budgeted_portfolio,300,2,best_estimate,budget>180,p45_air05_best_estimate_b300_s2_1787998255,node_limit,26611.0,0.21643495798343793,34.4398594579543,
air05,instance_aware_portfolio,300,2,best_estimate,budget>180,p45_air05_best_estimate_b300_s2_1787998255,node_limit,26611.0,0.21643495798343793,34.4398594579543,
air05,multi_feature_portfolio,300,2,best_estimate,budget>180,p45_air05_best_estimate_b300_s2_1787998255,node_limit,26611.0,0.21643495798343793,34.4398594579543,
air05,budgeted_portfolio,900,0,best_estimate,budget>180,p45_air05_best_estimate_b900_s0_1787998308,node_limit,26611.0,0.21040608297334984,34.989042832981795,
air05,instance_aware_portfolio,900,0,best_estimate,budget>180,p45_air05_best_estimate_b900_s0_1787998308,node_limit,26611.0,0.21040608297334984,34.989042832981795,
air05,multi_feature_portfolio,900,0,best_estimate,budget>180,p45_air05_best_estimate_b900_s0_1787998308,node_limit,26611.0,0.21040608297334984,34.989042832981795,
air05,budgeted_portfolio,900,1,best_estimate,budget>180,p45_air05_best_estimate_b900_s1_1787998358,node_limit,26611.0,0.2149830000125803,34.675561083015054,
air05,instance_aware_portfolio,900,1,best_estimate,budget>180,p45_air05_best_estimate_b900_s1_1787998358,node_limit,26611.0,0.2149830000125803,34.675561083015054,
air05,multi_feature_portfolio,900,1,best_estimate,budget>180,p45_air05_best_estimate_b900_s1_1787998358,node_limit,26611.0,0.2149830000125803,34.675561083015054,
air05,budgeted_portfolio,900,2,best_estimate,budget>180,p45_air05_best_estimate_b900_s2_1787998403,node_limit,26611.0,0.21624720800900832,34.75305808300618,
air05,instance_aware_portfolio,900,2,best_estimate,budget>180,p45_air05_best_estimate_b900_s2_1787998403,node_limit,26611.0,0.21624720800900832,34.75305808300618,
air05,multi_feature_portfolio,900,2,best_estimate,budget>180,p45_air05_best_estimate_b900_s2_1787998403,node_limit,26611.0,0.21624720800900832,34.75305808300618,
atlanta-ip,budgeted_portfolio,10,0,boltzmann_adaptive,budget<=180,p45_atlanta-ip_boltzmann_adaptive_b10_s0_1787998444,time_limit,,,12.094293667003512,
atlanta-ip,instance_aware_portfolio,10,0,boltzmann_adaptive,frac_count=2069<5000,p45_atlanta-ip_boltzmann_adaptive_b10_s0_1787998444,time_limit,,,12.094293667003512,
atlanta-ip,multi_feature_portfolio,10,0,boltzmann_adaptive,votes=1/4,p45_atlanta-ip_boltzmann_adaptive_b10_s0_1787998444,time_limit,,,12.094293667003512,
atlanta-ip,budgeted_portfolio,10,1,boltzmann_adaptive,budget<=180,p45_atlanta-ip_boltzmann_adaptive_b10_s1_1787998462,time_limit,,,12.081846625020262,
atlanta-ip,instance_aware_portfolio,10,1,boltzmann_adaptive,frac_count=2069<5000,p45_atlanta-ip_boltzmann_adaptive_b10_s1_1787998462,time_limit,,,12.081846625020262,
atlanta-ip,multi_feature_portfolio,10,1,boltzmann_adaptive,votes=1/4,p45_atlanta-ip_boltzmann_adaptive_b10_s1_1787998462,time_limit,,,12.081846625020262,
atlanta-ip,budgeted_portfolio,10,2,boltzmann_adaptive,budget<=180,p45_atlanta-ip_boltzmann_adaptive_b10_s2_1787998476,time_limit,,,12.135460041987244,
atlanta-ip,instance_aware_portfolio,10,2,boltzmann_adaptive,frac_count=2069<5000,p45_atlanta-ip_boltzmann_adaptive_b10_s2_1787998476,time_limit,,,12.135460041987244,
atlanta-ip,multi_feature_portfolio,10,2,boltzmann_adaptive,votes=1/4,p45_atlanta-ip_boltzmann_adaptive_b10_s2_1787998476,time_limit,,,12.135460041987244,
atlanta-ip,budgeted_portfolio,60,0,boltzmann_adaptive,budget<=180,p45_atlanta-ip_boltzmann_adaptive_b60_s0_1787998541,time_limit,,,60.01614949997747,
atlanta-ip,instance_aware_portfolio,60,0,boltzmann_adaptive,frac_count=2069<5000,p45_atlanta-ip_boltzmann_adaptive_b60_s0_1787998541,time_limit,,,60.01614949997747,
atlanta-ip,multi_feature_portfolio,60,0,boltzmann_adaptive,votes=1/4,p45_atlanta-ip_boltzmann_adaptive_b60_s0_1787998541,time_limit,,,60.01614949997747,
atlanta-ip,budgeted_portfolio,60,1,boltzmann_adaptive,budget<=180,p45_atlanta-ip_boltzmann_adaptive_b60_s1_1787998606,time_limit,,,60.017182749987114,
atlanta-ip,instance_aware_portfolio,60,1,boltzmann_adaptive,frac_count=2069<5000,p45_atlanta-ip_boltzmann_adaptive_b60_s1_1787998606,time_limit,,,60.017182749987114,
atlanta-ip,multi_feature_portfolio,60,1,boltzmann_adaptive,votes=1/4,p45_atlanta-ip_boltzmann_adaptive_b60_s1_1787998606,time_limit,,,60.017182749987114,
atlanta-ip,budgeted_portfolio,60,2,boltzmann_adaptive,budget<=180,p45_atlanta-ip_boltzmann_adaptive_b60_s2_1787998669,time_limit,,,60.01759929198306,
atlanta-ip,instance_aware_portfolio,60,2,boltzmann_adaptive,frac_count=2069<5000,p45_atlanta-ip_boltzmann_adaptive_b60_s2_1787998669,time_limit,,,60.01759929198306,
atlanta-ip,multi_feature_portfolio,60,2,boltzmann_adaptive,votes=1/4,p45_atlanta-ip_boltzmann_adaptive_b60_s2_1787998669,time_limit,,,60.01759929198306,
atlanta-ip,budgeted_portfolio,300,0,best_estimate,budget>180,p45_atlanta-ip_best_estimate_b300_s0_1787998733,time_limit,,,300.0137971250224,
atlanta-ip,instance_aware_portfolio,300,0,best_estimate,budget>180,p45_atlanta-ip_best_estimate_b300_s0_1787998733,time_limit,,,300.0137971250224,
atlanta-ip,multi_feature_portfolio,300,0,best_estimate,budget>180,p45_atlanta-ip_best_estimate_b300_s0_1787998733,time_limit,,,300.0137971250224,
atlanta-ip,budgeted_portfolio,300,1,best_estimate,budget>180,p45_atlanta-ip_best_estimate_b300_s1_1787999323,time_limit,,,300.0050019590417,
atlanta-ip,instance_aware_portfolio,300,1,best_estimate,budget>180,p45_atlanta-ip_best_estimate_b300_s1_1787999323,time_limit,,,300.0050019590417,
atlanta-ip,multi_feature_portfolio,300,1,best_estimate,budget>180,p45_atlanta-ip_best_estimate_b300_s1_1787999323,time_limit,,,300.0050019590417,
atlanta-ip,budgeted_portfolio,300,2,best_estimate,budget>180,p45_atlanta-ip_best_estimate_b300_s2_1787999627,time_limit,,,300.0053179170354,
atlanta-ip,instance_aware_portfolio,300,2,best_estimate,budget>180,p45_atlanta-ip_best_estimate_b300_s2_1787999627,time_limit,,,300.0053179170354,
atlanta-ip,multi_feature_portfolio,300,2,best_estimate,budget>180,p45_atlanta-ip_best_estimate_b300_s2_1787999627,time_limit,,,300.0053179170354,
atlanta-ip,budgeted_portfolio,900,0,best_estimate,budget>180,p45_atlanta-ip_best_estimate_b900_s0_1787999933,time_limit,,,900.0049875829718,
atlanta-ip,instance_aware_portfolio,900,0,best_estimate,budget>180,p45_atlanta-ip_best_estimate_b900_s0_1787999933,time_limit,,,900.0049875829718,
atlanta-ip,multi_feature_portfolio,900,0,best_estimate,budget>180,p45_atlanta-ip_best_estimate_b900_s0_1787999933,time_limit,,,900.0049875829718,
atlanta-ip,budgeted_portfolio,900,1,best_estimate,budget>180,p45_atlanta-ip_best_estimate_b900_s1_1788001322,node_limit,,,883.9647805000423,
atlanta-ip,instance_aware_portfolio,900,1,best_estimate,budget>180,p45_atlanta-ip_best_estimate_b900_s1_1788001322,node_limit,,,883.9647805000423,
atlanta-ip,multi_feature_portfolio,900,1,best_estimate,budget>180,p45_atlanta-ip_best_estimate_b900_s1_1788001322,node_limit,,,883.9647805000423,
atlanta-ip,budgeted_portfolio,900,2,best_estimate,budget>180,p45_atlanta-ip_best_estimate_b900_s2_1788002224,time_limit,,,900.0017273330013,
atlanta-ip,instance_aware_portfolio,900,2,best_estimate,budget>180,p45_atlanta-ip_best_estimate_b900_s2_1788002224,time_limit,,,900.0017273330013,
atlanta-ip,multi_feature_portfolio,900,2,best_estimate,budget>180,p45_atlanta-ip_best_estimate_b900_s2_1788002224,time_limit,,,900.0017273330013,
csched007,budgeted_portfolio,10,0,boltzmann_adaptive,budget<=180,p45_csched007_boltzmann_adaptive_b10_s0_1788020199,time_limit,,,10.002894082979765,
csched007,instance_aware_portfolio,10,0,boltzmann_adaptive,frac_count=84<5000,p45_csched007_boltzmann_adaptive_b10_s0_1788020199,time_limit,,,10.002894082979765,
csched007,multi_feature_portfolio,10,0,boltzmann_adaptive,votes=0/4,p45_csched007_boltzmann_adaptive_b10_s0_1788020199,time_limit,,,10.002894082979765,
csched007,budgeted_portfolio,10,1,boltzmann_adaptive,budget<=180,p45_csched007_boltzmann_adaptive_b10_s1_1788020225,time_limit,,,10.002060915983748,
csched007,instance_aware_portfolio,10,1,boltzmann_adaptive,frac_count=84<5000,p45_csched007_boltzmann_adaptive_b10_s1_1788020225,time_limit,,,10.002060915983748,
csched007,multi_feature_portfolio,10,1,boltzmann_adaptive,votes=0/4,p45_csched007_boltzmann_adaptive_b10_s1_1788020225,time_limit,,,10.002060915983748,
csched007,budgeted_portfolio,10,2,boltzmann_adaptive,budget<=180,p45_csched007_boltzmann_adaptive_b10_s2_1788020244,time_limit,,,10.002295874990523,
csched007,instance_aware_portfolio,10,2,boltzmann_adaptive,frac_count=84<5000,p45_csched007_boltzmann_adaptive_b10_s2_1788020244,time_limit,,,10.002295874990523,
csched007,multi_feature_portfolio,10,2,boltzmann_adaptive,votes=0/4,p45_csched007_boltzmann_adaptive_b10_s2_1788020244,time_limit,,,10.002295874990523,
csched007,budgeted_portfolio,60,0,boltzmann_adaptive,budget<=180,p45_csched007_boltzmann_adaptive_b60_s0_1788020268,node_limit,,,22.780968082952313,
csched007,instance_aware_portfolio,60,0,boltzmann_adaptive,frac_count=84<5000,p45_csched007_boltzmann_adaptive_b60_s0_1788020268,node_limit,,,22.780968082952313,
csched007,multi_feature_portfolio,60,0,boltzmann_adaptive,votes=0/4,p45_csched007_boltzmann_adaptive_b60_s0_1788020268,node_limit,,,22.780968082952313,
csched007,budgeted_portfolio,60,1,boltzmann_adaptive,budget<=180,p45_csched007_boltzmann_adaptive_b60_s1_1788020291,node_limit,,,21.641915666987188,
csched007,instance_aware_portfolio,60,1,boltzmann_adaptive,frac_count=84<5000,p45_csched007_boltzmann_adaptive_b60_s1_1788020291,node_limit,,,21.641915666987188,
csched007,multi_feature_portfolio,60,1,boltzmann_adaptive,votes=0/4,p45_csched007_boltzmann_adaptive_b60_s1_1788020291,node_limit,,,21.641915666987188,
csched007,budgeted_portfolio,60,2,boltzmann_adaptive,budget<=180,p45_csched007_boltzmann_adaptive_b60_s2_1788020317,node_limit,,,22.015447958023287,
csched007,instance_aware_portfolio,60,2,boltzmann_adaptive,frac_count=84<5000,p45_csched007_boltzmann_adaptive_b60_s2_1788020317,node_limit,,,22.015447958023287,
csched007,multi_feature_portfolio,60,2,boltzmann_adaptive,votes=0/4,p45_csched007_boltzmann_adaptive_b60_s2_1788020317,node_limit,,,22.015447958023287,
csched007,budgeted_portfolio,300,0,best_estimate,budget>180,p45_csched007_best_estimate_b300_s0_1788020342,node_limit,,,18.014160624996293,
csched007,instance_aware_portfolio,300,0,best_estimate,budget>180,p45_csched007_best_estimate_b300_s0_1788020342,node_limit,,,18.014160624996293,
csched007,multi_feature_portfolio,300,0,best_estimate,budget>180,p45_csched007_best_estimate_b300_s0_1788020342,node_limit,,,18.014160624996293,
csched007,budgeted_portfolio,300,1,best_estimate,budget>180,p45_csched007_best_estimate_b300_s1_1788020367,node_limit,,,15.424012125004083,
csched007,instance_aware_portfolio,300,1,best_estimate,budget>180,p45_csched007_best_estimate_b300_s1_1788020367,node_limit,,,15.424012125004083,
csched007,multi_feature_portfolio,300,1,best_estimate,budget>180,p45_csched007_best_estimate_b300_s1_1788020367,node_limit,,,15.424012125004083,
csched007,budgeted_portfolio,300,2,best_estimate,budget>180,p45_csched007_best_estimate_b300_s2_1788020392,node_limit,,,17.71757079201052,
csched007,instance_aware_portfolio,300,2,best_estimate,budget>180,p45_csched007_best_estimate_b300_s2_1788020392,node_limit,,,17.71757079201052,
csched007,multi_feature_portfolio,300,2,best_estimate,budget>180,p45_csched007_best_estimate_b300_s2_1788020392,node_limit,,,17.71757079201052,
csched007,budgeted_portfolio,900,0,best_estimate,budget>180,p45_csched007_best_estimate_b900_s0_1788020417,node_limit,,,18.01264379202621,
csched007,instance_aware_portfolio,900,0,best_estimate,budget>180,p45_csched007_best_estimate_b900_s0_1788020417,node_limit,,,18.01264379202621,
csched007,multi_feature_portfolio,900,0,best_estimate,budget>180,p45_csched007_best_estimate_b900_s0_1788020417,node_limit,,,18.01264379202621,
csched007,budgeted_portfolio,900,1,best_estimate,budget>180,p45_csched007_best_estimate_b900_s1_1788020445,node_limit,,,15.443896916985977,
csched007,instance_aware_portfolio,900,1,best_estimate,budget>180,p45_csched007_best_estimate_b900_s1_1788020445,node_limit,,,15.443896916985977,
csched007,multi_feature_portfolio,900,1,best_estimate,budget>180,p45_csched007_best_estimate_b900_s1_1788020445,node_limit,,,15.443896916985977,
csched007,budgeted_portfolio,900,2,best_estimate,budget>180,p45_csched007_best_estimate_b900_s2_1788020470,node_limit,,,17.699781082978006,
csched007,instance_aware_portfolio,900,2,best_estimate,budget>180,p45_csched007_best_estimate_b900_s2_1788020470,node_limit,,,17.699781082978006,
csched007,multi_feature_portfolio,900,2,best_estimate,budget>180,p45_csched007_best_estimate_b900_s2_1788020470,node_limit,,,17.699781082978006,
csched008,budgeted_portfolio,10,0,boltzmann_adaptive,budget<=180,p45_csched008_boltzmann_adaptive_b10_s0_1788020497,time_limit,,,10.006017167004757,
csched008,instance_aware_portfolio,10,0,boltzmann_adaptive,frac_count=81<5000,p45_csched008_boltzmann_adaptive_b10_s0_1788020497,time_limit,,,10.006017167004757,
csched008,multi_feature_portfolio,10,0,boltzmann_adaptive,votes=0/4,p45_csched008_boltzmann_adaptive_b10_s0_1788020497,time_limit,,,10.006017167004757,
csched008,budgeted_portfolio,10,1,boltzmann_adaptive,budget<=180,p45_csched008_boltzmann_adaptive_b10_s1_1788020508,time_limit,,,10.006599791988265,
csched008,instance_aware_portfolio,10,1,boltzmann_adaptive,frac_count=79<5000,p45_csched008_boltzmann_adaptive_b10_s1_1788020508,time_limit,,,10.006599791988265,
csched008,multi_feature_portfolio,10,1,boltzmann_adaptive,votes=0/4,p45_csched008_boltzmann_adaptive_b10_s1_1788020508,time_limit,,,10.006599791988265,
csched008,budgeted_portfolio,10,2,boltzmann_adaptive,budget<=180,p45_csched008_boltzmann_adaptive_b10_s2_1788020522,time_limit,,,10.006530457991175,
csched008,instance_aware_portfolio,10,2,boltzmann_adaptive,frac_count=76<5000,p45_csched008_boltzmann_adaptive_b10_s2_1788020522,time_limit,,,10.006530457991175,
csched008,multi_feature_portfolio,10,2,boltzmann_adaptive,votes=0/4,p45_csched008_boltzmann_adaptive_b10_s2_1788020522,time_limit,,,10.006530457991175,
csched008,budgeted_portfolio,60,0,boltzmann_adaptive,budget<=180,p45_csched008_boltzmann_adaptive_b60_s0_1788020541,node_limit,,,20.604710790968966,
csched008,instance_aware_portfolio,60,0,boltzmann_adaptive,frac_count=81<5000,p45_csched008_boltzmann_adaptive_b60_s0_1788020541,node_limit,,,20.604710790968966,
csched008,multi_feature_portfolio,60,0,boltzmann_adaptive,votes=0/4,p45_csched008_boltzmann_adaptive_b60_s0_1788020541,node_limit,,,20.604710790968966,
csched008,budgeted_portfolio,60,1,boltzmann_adaptive,budget<=180,p45_csched008_boltzmann_adaptive_b60_s1_1788020563,node_limit,189.0,15.169954832992516,21.154573957959656,
csched008,instance_aware_portfolio,60,1,boltzmann_adaptive,frac_count=79<5000,p45_csched008_boltzmann_adaptive_b60_s1_1788020563,node_limit,189.0,15.169954832992516,21.154573957959656,
csched008,multi_feature_portfolio,60,1,boltzmann_adaptive,votes=0/4,p45_csched008_boltzmann_adaptive_b60_s1_1788020563,node_limit,189.0,15.169954832992516,21.154573957959656,
csched008,budgeted_portfolio,60,2,boltzmann_adaptive,budget<=180,p45_csched008_boltzmann_adaptive_b60_s2_1788020584,node_limit,185.0,12.187449750024825,21.06716212502215,
csched008,instance_aware_portfolio,60,2,boltzmann_adaptive,frac_count=76<5000,p45_csched008_boltzmann_adaptive_b60_s2_1788020584,node_limit,185.0,12.187449750024825,21.06716212502215,
csched008,multi_feature_portfolio,60,2,boltzmann_adaptive,votes=0/4,p45_csched008_boltzmann_adaptive_b60_s2_1788020584,node_limit,185.0,12.187449750024825,21.06716212502215,
csched008,budgeted_portfolio,300,0,best_estimate,budget>180,p45_csched008_best_estimate_b300_s0_1788020614,node_limit,186.0,13.200384166033473,20.498233625025023,
csched008,instance_aware_portfolio,300,0,best_estimate,budget>180,p45_csched008_best_estimate_b300_s0_1788020614,node_limit,186.0,13.200384166033473,20.498233625025023,
csched008,multi_feature_portfolio,300,0,best_estimate,budget>180,p45_csched008_best_estimate_b300_s0_1788020614,node_limit,186.0,13.200384166033473,20.498233625025023,
csched008,budgeted_portfolio,300,1,best_estimate,budget>180,p45_csched008_best_estimate_b300_s1_1788020636,node_limit,,,20.309346791007556,
csched008,instance_aware_portfolio,300,1,best_estimate,budget>180,p45_csched008_best_estimate_b300_s1_1788020636,node_limit,,,20.309346791007556,
csched008,multi_feature_portfolio,300,1,best_estimate,budget>180,p45_csched008_best_estimate_b300_s1_1788020636,node_limit,,,20.309346791007556,
csched008,budgeted_portfolio,300,2,best_estimate,budget>180,p45_csched008_best_estimate_b300_s2_1788020658,node_limit,189.99999999999994,10.509499415988103,19.352333375019953,
csched008,instance_aware_portfolio,300,2,best_estimate,budget>180,p45_csched008_best_estimate_b300_s2_1788020658,node_limit,189.99999999999994,10.509499415988103,19.352333375019953,
csched008,multi_feature_portfolio,300,2,best_estimate,budget>180,p45_csched008_best_estimate_b300_s2_1788020658,node_limit,189.99999999999994,10.509499415988103,19.352333375019953,
csched008,budgeted_portfolio,900,0,best_estimate,budget>180,p45_csched008_best_estimate_b900_s0_1788020690,node_limit,186.0,13.191234958008863,20.47655833302997,
csched008,instance_aware_portfolio,900,0,best_estimate,budget>180,p45_csched008_best_estimate_b900_s0_1788020690,node_limit,186.0,13.191234958008863,20.47655833302997,
csched008,multi_feature_portfolio,900,0,best_estimate,budget>180,p45_csched008_best_estimate_b900_s0_1788020690,node_limit,186.0,13.191234958008863,20.47655833302997,
csched008,budgeted_portfolio,900,1,best_estimate,budget>180,p45_csched008_best_estimate_b900_s1_1788020711,node_limit,,,20.337784709001426,
csched008,instance_aware_portfolio,900,1,best_estimate,budget>180,p45_csched008_best_estimate_b900_s1_1788020711,node_limit,,,20.337784709001426,
csched008,multi_feature_portfolio,900,1,best_estimate,budget>180,p45_csched008_best_estimate_b900_s1_1788020711,node_limit,,,20.337784709001426,
csched008,budgeted_portfolio,900,2,best_estimate,budget>180,p45_csched008_best_estimate_b900_s2_1788020733,node_limit,189.99999999999994,10.493016041000374,19.469485500012524,
csched008,instance_aware_portfolio,900,2,best_estimate,budget>180,p45_csched008_best_estimate_b900_s2_1788020733,node_limit,189.99999999999994,10.493016041000374,19.469485500012524,
csched008,multi_feature_portfolio,900,2,best_estimate,budget>180,p45_csched008_best_estimate_b900_s2_1788020733,node_limit,189.99999999999994,10.493016041000374,19.469485500012524,
drayage-100-23,budgeted_portfolio,10,0,boltzmann_adaptive,budget<=180,p45_drayage-100-23_boltzmann_adaptive_b10_s0_1788003430,time_limit,103333.87407302858,0.47789283300517127,10.061578333028592,
drayage-100-23,instance_aware_portfolio,10,0,boltzmann_adaptive,frac_count=1756<5000,p45_drayage-100-23_boltzmann_adaptive_b10_s0_1788003430,time_limit,103333.87407302858,0.47789283300517127,10.061578333028592,
drayage-100-23,multi_feature_portfolio,10,0,boltzmann_adaptive,votes=1/4,p45_drayage-100-23_boltzmann_adaptive_b10_s0_1788003430,time_limit,103333.87407302858,0.47789283300517127,10.061578333028592,
drayage-100-23,budgeted_portfolio,10,1,boltzmann_adaptive,budget<=180,p45_drayage-100-23_boltzmann_adaptive_b10_s1_1788003445,time_limit,103333.87407302858,0.46646841696929187,10.041043041972443,
drayage-100-23,instance_aware_portfolio,10,1,boltzmann_adaptive,frac_count=1765<5000,p45_drayage-100-23_boltzmann_adaptive_b10_s1_1788003445,time_limit,103333.87407302858,0.46646841696929187,10.041043041972443,
drayage-100-23,multi_feature_portfolio,10,1,boltzmann_adaptive,votes=1/4,p45_drayage-100-23_boltzmann_adaptive_b10_s1_1788003445,time_limit,103333.87407302858,0.46646841696929187,10.041043041972443,
drayage-100-23,budgeted_portfolio,10,2,boltzmann_adaptive,budget<=180,p45_drayage-100-23_boltzmann_adaptive_b10_s2_1788003459,time_limit,103333.87407302858,0.46612454095156863,10.074243707989808,
drayage-100-23,instance_aware_portfolio,10,2,boltzmann_adaptive,frac_count=1757<5000,p45_drayage-100-23_boltzmann_adaptive_b10_s2_1788003459,time_limit,103333.87407302858,0.46612454095156863,10.074243707989808,
drayage-100-23,multi_feature_portfolio,10,2,boltzmann_adaptive,votes=1/4,p45_drayage-100-23_boltzmann_adaptive_b10_s2_1788003459,time_limit,103333.87407302858,0.46612454095156863,10.074243707989808,
drayage-100-23,budgeted_portfolio,60,0,boltzmann_adaptive,budget<=180,p45_drayage-100-23_boltzmann_adaptive_b60_s0_1788003498,node_limit,103333.87407302858,0.4728383749607019,37.42551904194988,
drayage-100-23,instance_aware_portfolio,60,0,boltzmann_adaptive,frac_count=1756<5000,p45_drayage-100-23_boltzmann_adaptive_b60_s0_1788003498,node_limit,103333.87407302858,0.4728383749607019,37.42551904194988,
drayage-100-23,multi_feature_portfolio,60,0,boltzmann_adaptive,votes=1/4,p45_drayage-100-23_boltzmann_adaptive_b60_s0_1788003498,node_limit,103333.87407302858,0.4728383749607019,37.42551904194988,
drayage-100-23,budgeted_portfolio,60,1,boltzmann_adaptive,budget<=180,p45_drayage-100-23_boltzmann_adaptive_b60_s1_1788003542,node_limit,103333.87407302858,0.4711807079729624,37.92217862495454,
drayage-100-23,instance_aware_portfolio,60,1,boltzmann_adaptive,frac_count=1765<5000,p45_drayage-100-23_boltzmann_adaptive_b60_s1_1788003542,node_limit,103333.87407302858,0.4711807079729624,37.92217862495454,
drayage-100-23,multi_feature_portfolio,60,1,boltzmann_adaptive,votes=1/4,p45_drayage-100-23_boltzmann_adaptive_b60_s1_1788003542,node_limit,103333.87407302858,0.4711807079729624,37.92217862495454,
drayage-100-23,budgeted_portfolio,60,2,boltzmann_adaptive,budget<=180,p45_drayage-100-23_boltzmann_adaptive_b60_s2_1788003585,node_limit,103333.87407302858,0.47283412504475564,37.661742875003256,
drayage-100-23,instance_aware_portfolio,60,2,boltzmann_adaptive,frac_count=1757<5000,p45_drayage-100-23_boltzmann_adaptive_b60_s2_1788003585,node_limit,103333.87407302858,0.47283412504475564,37.661742875003256,
drayage-100-23,multi_feature_portfolio,60,2,boltzmann_adaptive,votes=1/4,p45_drayage-100-23_boltzmann_adaptive_b60_s2_1788003585,node_limit,103333.87407302858,0.47283412504475564,37.661742875003256,
drayage-100-23,budgeted_portfolio,300,0,best_estimate,budget>180,p45_drayage-100-23_best_estimate_b300_s0_1788003625,node_limit,103333.87407302858,0.4703920409665443,39.19790400000056,
drayage-100-23,instance_aware_portfolio,300,0,best_estimate,budget>180,p45_drayage-100-23_best_estimate_b300_s0_1788003625,node_limit,103333.87407302858,0.4703920409665443,39.19790400000056,
drayage-100-23,multi_feature_portfolio,300,0,best_estimate,budget>180,p45_drayage-100-23_best_estimate_b300_s0_1788003625,node_limit,103333.87407302858,0.4703920409665443,39.19790400000056,
drayage-100-23,budgeted_portfolio,300,1,best_estimate,budget>180,p45_drayage-100-23_best_estimate_b300_s1_1788003692,node_limit,103333.87407302858,0.4597094159689732,38.32789504097309,
drayage-100-23,instance_aware_portfolio,300,1,best_estimate,budget>180,p45_drayage-100-23_best_estimate_b300_s1_1788003692,node_limit,103333.87407302858,0.4597094159689732,38.32789504097309,
drayage-100-23,multi_feature_portfolio,300,1,best_estimate,budget>180,p45_drayage-100-23_best_estimate_b300_s1_1788003692,node_limit,103333.87407302858,0.4597094159689732,38.32789504097309,
drayage-100-23,budgeted_portfolio,300,2,best_estimate,budget>180,p45_drayage-100-23_best_estimate_b300_s2_1788003736,node_limit,103333.87407302858,0.4666400409769267,39.3758713749703,
drayage-100-23,instance_aware_portfolio,300,2,best_estimate,budget>180,p45_drayage-100-23_best_estimate_b300_s2_1788003736,node_limit,103333.87407302858,0.4666400409769267,39.3758713749703,
drayage-100-23,multi_feature_portfolio,300,2,best_estimate,budget>180,p45_drayage-100-23_best_estimate_b300_s2_1788003736,node_limit,103333.87407302858,0.4666400409769267,39.3758713749703,
drayage-100-23,budgeted_portfolio,900,0,best_estimate,budget>180,p45_drayage-100-23_best_estimate_b900_s0_1788003780,node_limit,103333.87407302858,0.469603042001836,38.916595624992624,
drayage-100-23,instance_aware_portfolio,900,0,best_estimate,budget>180,p45_drayage-100-23_best_estimate_b900_s0_1788003780,node_limit,103333.87407302858,0.469603042001836,38.916595624992624,
drayage-100-23,multi_feature_portfolio,900,0,best_estimate,budget>180,p45_drayage-100-23_best_estimate_b900_s0_1788003780,node_limit,103333.87407302858,0.469603042001836,38.916595624992624,
drayage-100-23,budgeted_portfolio,900,1,best_estimate,budget>180,p45_drayage-100-23_best_estimate_b900_s1_1788003844,node_limit,103333.87407302858,0.47731066698906943,38.52932191698346,
drayage-100-23,instance_aware_portfolio,900,1,best_estimate,budget>180,p45_drayage-100-23_best_estimate_b900_s1_1788003844,node_limit,103333.87407302858,0.47731066698906943,38.52932191698346,
drayage-100-23,multi_feature_portfolio,900,1,best_estimate,budget>180,p45_drayage-100-23_best_estimate_b900_s1_1788003844,node_limit,103333.87407302858,0.47731066698906943,38.52932191698346,
drayage-100-23,budgeted_portfolio,900,2,best_estimate,budget>180,p45_drayage-100-23_best_estimate_b900_s2_1788003890,node_limit,103333.87407302858,0.4652295839623548,39.26579791697441,
drayage-100-23,instance_aware_portfolio,900,2,best_estimate,budget>180,p45_drayage-100-23_best_estimate_b900_s2_1788003890,node_limit,103333.87407302858,0.4652295839623548,39.26579791697441,
drayage-100-23,multi_feature_portfolio,900,2,best_estimate,budget>180,p45_drayage-100-23_best_estimate_b900_s2_1788003890,node_limit,103333.87407302858,0.4652295839623548,39.26579791697441,
drayage-25-23,budgeted_portfolio,10,0,boltzmann_adaptive,budget<=180,p45_drayage-25-23_boltzmann_adaptive_b10_s0_1788002430,time_limit,106589.81786727905,0.4749592500156723,10.050904500007164,
drayage-25-23,instance_aware_portfolio,10,0,boltzmann_adaptive,frac_count=1765<5000,p45_drayage-25-23_boltzmann_adaptive_b10_s0_1788002430,time_limit,106589.81786727905,0.4749592500156723,10.050904500007164,
drayage-25-23,multi_feature_portfolio,10,0,boltzmann_adaptive,votes=1/4,p45_drayage-25-23_boltzmann_adaptive_b10_s0_1788002430,time_limit,106589.81786727905,0.4749592500156723,10.050904500007164,
drayage-25-23,budgeted_portfolio,10,1,boltzmann_adaptive,budget<=180,p45_drayage-25-23_boltzmann_adaptive_b10_s1_1788002510,time_limit,106481.56122207642,0.47345774999121204,10.02018783398671,
drayage-25-23,instance_aware_portfolio,10,1,boltzmann_adaptive,frac_count=1763<5000,p45_drayage-25-23_boltzmann_adaptive_b10_s1_1788002510,time_limit,106481.56122207642,0.47345774999121204,10.02018783398671,
drayage-25-23,multi_feature_portfolio,10,1,boltzmann_adaptive,votes=1/4,p45_drayage-25-23_boltzmann_adaptive_b10_s1_1788002510,time_limit,106481.56122207642,0.47345774999121204,10.02018783398671,
drayage-25-23,budgeted_portfolio,10,2,boltzmann_adaptive,budget<=180,p45_drayage-25-23_boltzmann_adaptive_b10_s2_1788002591,time_limit,106589.81786727905,0.4846114999963902,10.014098958985414,
drayage-25-23,instance_aware_portfolio,10,2,boltzmann_adaptive,frac_count=1762<5000,p45_drayage-25-23_boltzmann_adaptive_b10_s2_1788002591,time_limit,106589.81786727905,0.4846114999963902,10.014098958985414,
drayage-25-23,multi_feature_portfolio,10,2,boltzmann_adaptive,votes=1/4,p45_drayage-25-23_boltzmann_adaptive_b10_s2_1788002591,time_limit,106589.81786727905,0.4846114999963902,10.014098958985414,
drayage-25-23,budgeted_portfolio,60,0,boltzmann_adaptive,budget<=180,p45_drayage-25-23_boltzmann_adaptive_b60_s0_1788002795,node_limit,106589.81786727905,0.4699609170202166,35.7437882089871,
drayage-25-23,instance_aware_portfolio,60,0,boltzmann_adaptive,frac_count=1765<5000,p45_drayage-25-23_boltzmann_adaptive_b60_s0_1788002795,node_limit,106589.81786727905,0.4699609170202166,35.7437882089871,
drayage-25-23,multi_feature_portfolio,60,0,boltzmann_adaptive,votes=1/4,p45_drayage-25-23_boltzmann_adaptive_b60_s0_1788002795,node_limit,106589.81786727905,0.4699609170202166,35.7437882089871,
drayage-25-23,budgeted_portfolio,60,1,boltzmann_adaptive,budget<=180,p45_drayage-25-23_boltzmann_adaptive_b60_s1_1788002941,node_limit,105578.04691314697,0.47999833401991054,34.88621487503406,
drayage-25-23,instance_aware_portfolio,60,1,boltzmann_adaptive,frac_count=1763<5000,p45_drayage-25-23_boltzmann_adaptive_b60_s1_1788002941,node_limit,105578.04691314697,0.47999833401991054,34.88621487503406,
drayage-25-23,multi_feature_portfolio,60,1,boltzmann_adaptive,votes=1/4,p45_drayage-25-23_boltzmann_adaptive_b60_s1_1788002941,node_limit,105578.04691314697,0.47999833401991054,34.88621487503406,
drayage-25-23,budgeted_portfolio,60,2,boltzmann_adaptive,budget<=180,p45_drayage-25-23_boltzmann_adaptive_b60_s2_1788003087,node_limit,106471.70248031618,0.4812480410328135,36.89671012503095,
drayage-25-23,instance_aware_portfolio,60,2,boltzmann_adaptive,frac_count=1762<5000,p45_drayage-25-23_boltzmann_adaptive_b60_s2_1788003087,node_limit,106471.70248031618,0.4812480410328135,36.89671012503095,
drayage-25-23,multi_feature_portfolio,60,2,boltzmann_adaptive,votes=1/4,p45_drayage-25-23_boltzmann_adaptive_b60_s2_1788003087,node_limit,106471.70248031618,0.4812480410328135,36.89671012503095,
drayage-25-23,budgeted_portfolio,300,0,best_estimate,budget>180,p45_drayage-25-23_best_estimate_b300_s0_1788003147,node_limit,102111.58990859985,0.4775156250107102,36.49940033402527,
drayage-25-23,instance_aware_portfolio,300,0,best_estimate,budget>180,p45_drayage-25-23_best_estimate_b300_s0_1788003147,node_limit,102111.58990859985,0.4775156250107102,36.49940033402527,
drayage-25-23,multi_feature_portfolio,300,0,best_estimate,budget>180,p45_drayage-25-23_best_estimate_b300_s0_1788003147,node_limit,102111.58990859985,0.4775156250107102,36.49940033402527,
drayage-25-23,budgeted_portfolio,300,1,best_estimate,budget>180,p45_drayage-25-23_best_estimate_b300_s1_1788003198,node_limit,106397.13106155397,0.4760412079631351,37.00251829100307,
drayage-25-23,instance_aware_portfolio,300,1,best_estimate,budget>180,p45_drayage-25-23_best_estimate_b300_s1_1788003198,node_limit,106397.13106155397,0.4760412079631351,37.00251829100307,
drayage-25-23,multi_feature_portfolio,300,1,best_estimate,budget>180,p45_drayage-25-23_best_estimate_b300_s1_1788003198,node_limit,106397.13106155397,0.4760412079631351,37.00251829100307,
drayage-25-23,budgeted_portfolio,300,2,best_estimate,budget>180,p45_drayage-25-23_best_estimate_b300_s2_1788003245,node_limit,104674.27362442018,0.4780908749671653,36.87315233395202,
drayage-25-23,instance_aware_portfolio,300,2,best_estimate,budget>180,p45_drayage-25-23_best_estimate_b300_s2_1788003245,node_limit,104674.27362442018,0.4780908749671653,36.87315233395202,
drayage-25-23,multi_feature_portfolio,300,2,best_estimate,budget>180,p45_drayage-25-23_best_estimate_b300_s2_1788003245,node_limit,104674.27362442018,0.4780908749671653,36.87315233395202,
drayage-25-23,budgeted_portfolio,900,0,best_estimate,budget>180,p45_drayage-25-23_best_estimate_b900_s0_1788003296,node_limit,102111.58990859985,0.46719699999084696,36.64161624998087,
drayage-25-23,instance_aware_portfolio,900,0,best_estimate,budget>180,p45_drayage-25-23_best_estimate_b900_s0_1788003296,node_limit,102111.58990859985,0.46719699999084696,36.64161624998087,
drayage-25-23,multi_feature_portfolio,900,0,best_estimate,budget>180,p45_drayage-25-23_best_estimate_b900_s0_1788003296,node_limit,102111.58990859985,0.46719699999084696,36.64161624998087,
drayage-25-23,budgeted_portfolio,900,1,best_estimate,budget>180,p45_drayage-25-23_best_estimate_b900_s1_1788003345,node_limit,105578.04691314697,0.47122233296977356,37.12960566696711,
drayage-25-23,instance_aware_portfolio,900,1,best_estimate,budget>180,p45_drayage-25-23_best_estimate_b900_s1_1788003345,node_limit,105578.04691314697,0.47122233296977356,37.12960566696711,
drayage-25-23,multi_feature_portfolio,900,1,best_estimate,budget>180,p45_drayage-25-23_best_estimate_b900_s1_1788003345,node_limit,105578.04691314697,0.47122233296977356,37.12960566696711,
drayage-25-23,budgeted_portfolio,900,2,best_estimate,budget>180,p45_drayage-25-23_best_estimate_b900_s2_1788003393,node_limit,106589.81786727905,0.47415091696893796,37.2019706669962,
drayage-25-23,instance_aware_portfolio,900,2,best_estimate,budget>180,p45_drayage-25-23_best_estimate_b900_s2_1788003393,node_limit,106589.81786727905,0.47415091696893796,37.2019706669962,
drayage-25-23,multi_feature_portfolio,900,2,best_estimate,budget>180,p45_drayage-25-23_best_estimate_b900_s2_1788003393,node_limit,106589.81786727905,0.47415091696893796,37.2019706669962,
germanrr,budgeted_portfolio,10,0,boltzmann_adaptive,budget<=180,p45_germanrr_boltzmann_adaptive_b10_s0_1788003931,time_limit,,,10.01082570903236,
germanrr,instance_aware_portfolio,10,0,boltzmann_adaptive,frac_count=211<5000,p45_germanrr_boltzmann_adaptive_b10_s0_1788003931,time_limit,,,10.01082570903236,
germanrr,multi_feature_portfolio,10,0,boltzmann_adaptive,votes=1/4,p45_germanrr_boltzmann_adaptive_b10_s0_1788003931,time_limit,,,10.01082570903236,
germanrr,budgeted_portfolio,10,1,boltzmann_adaptive,budget<=180,p45_germanrr_boltzmann_adaptive_b10_s1_1788003943,time_limit,,,10.003681125002913,
germanrr,instance_aware_portfolio,10,1,boltzmann_adaptive,frac_count=211<5000,p45_germanrr_boltzmann_adaptive_b10_s1_1788003943,time_limit,,,10.003681125002913,
germanrr,multi_feature_portfolio,10,1,boltzmann_adaptive,votes=1/4,p45_germanrr_boltzmann_adaptive_b10_s1_1788003943,time_limit,,,10.003681125002913,
germanrr,budgeted_portfolio,10,2,boltzmann_adaptive,budget<=180,p45_germanrr_boltzmann_adaptive_b10_s2_1788003959,time_limit,,,10.001158208004199,
germanrr,instance_aware_portfolio,10,2,boltzmann_adaptive,frac_count=211<5000,p45_germanrr_boltzmann_adaptive_b10_s2_1788003959,time_limit,,,10.001158208004199,
germanrr,multi_feature_portfolio,10,2,boltzmann_adaptive,votes=1/4,p45_germanrr_boltzmann_adaptive_b10_s2_1788003959,time_limit,,,10.001158208004199,
germanrr,budgeted_portfolio,60,0,boltzmann_adaptive,budget<=180,p45_germanrr_boltzmann_adaptive_b60_s0_1788004021,time_limit,,,60.0013534159516,
germanrr,instance_aware_portfolio,60,0,boltzmann_adaptive,frac_count=211<5000,p45_germanrr_boltzmann_adaptive_b60_s0_1788004021,time_limit,,,60.0013534159516,
germanrr,multi_feature_portfolio,60,0,boltzmann_adaptive,votes=1/4,p45_germanrr_boltzmann_adaptive_b60_s0_1788004021,time_limit,,,60.0013534159516,
germanrr,budgeted_portfolio,60,1,boltzmann_adaptive,budget<=180,p45_germanrr_boltzmann_adaptive_b60_s1_1788004083,time_limit,,,60.00368225004058,
germanrr,instance_aware_portfolio,60,1,boltzmann_adaptive,frac_count=211<5000,p45_germanrr_boltzmann_adaptive_b60_s1_1788004083,time_limit,,,60.00368225004058,
germanrr,multi_feature_portfolio,60,1,boltzmann_adaptive,votes=1/4,p45_germanrr_boltzmann_adaptive_b60_s1_1788004083,time_limit,,,60.00368225004058,
germanrr,budgeted_portfolio,60,2,boltzmann_adaptive,budget<=180,p45_germanrr_boltzmann_adaptive_b60_s2_1788004149,time_limit,,,60.00153633399168,
germanrr,instance_aware_portfolio,60,2,boltzmann_adaptive,frac_count=211<5000,p45_germanrr_boltzmann_adaptive_b60_s2_1788004149,time_limit,,,60.00153633399168,
germanrr,multi_feature_portfolio,60,2,boltzmann_adaptive,votes=1/4,p45_germanrr_boltzmann_adaptive_b60_s2_1788004149,time_limit,,,60.00153633399168,
germanrr,budgeted_portfolio,300,0,best_estimate,budget>180,p45_germanrr_best_estimate_b300_s0_1788004210,node_limit,,,78.71224862500094,
germanrr,instance_aware_portfolio,300,0,best_estimate,budget>180,p45_germanrr_best_estimate_b300_s0_1788004210,node_limit,,,78.71224862500094,
germanrr,multi_feature_portfolio,300,0,best_estimate,budget>180,p45_germanrr_best_estimate_b300_s0_1788004210,node_limit,,,78.71224862500094,
germanrr,budgeted_portfolio,300,1,best_estimate,budget>180,p45_germanrr_best_estimate_b300_s1_1788004371,node_limit,,,79.06939695798792,
germanrr,instance_aware_portfolio,300,1,best_estimate,budget>180,p45_germanrr_best_estimate_b300_s1_1788004371,node_limit,,,79.06939695798792,
germanrr,multi_feature_portfolio,300,1,best_estimate,budget>180,p45_germanrr_best_estimate_b300_s1_1788004371,node_limit,,,79.06939695798792,
germanrr,budgeted_portfolio,300,2,best_estimate,budget>180,p45_germanrr_best_estimate_b300_s2_1788004477,node_limit,,,80.52318275003927,
germanrr,instance_aware_portfolio,300,2,best_estimate,budget>180,p45_germanrr_best_estimate_b300_s2_1788004477,node_limit,,,80.52318275003927,
germanrr,multi_feature_portfolio,300,2,best_estimate,budget>180,p45_germanrr_best_estimate_b300_s2_1788004477,node_limit,,,80.52318275003927,
germanrr,budgeted_portfolio,900,0,best_estimate,budget>180,p45_germanrr_best_estimate_b900_s0_1788004585,node_limit,,,80.53029108297778,
germanrr,instance_aware_portfolio,900,0,best_estimate,budget>180,p45_germanrr_best_estimate_b900_s0_1788004585,node_limit,,,80.53029108297778,
germanrr,multi_feature_portfolio,900,0,best_estimate,budget>180,p45_germanrr_best_estimate_b900_s0_1788004585,node_limit,,,80.53029108297778,
germanrr,budgeted_portfolio,900,1,best_estimate,budget>180,p45_germanrr_best_estimate_b900_s1_1788004734,node_limit,,,81.75241908297176,
germanrr,instance_aware_portfolio,900,1,best_estimate,budget>180,p45_germanrr_best_estimate_b900_s1_1788004734,node_limit,,,81.75241908297176,
germanrr,multi_feature_portfolio,900,1,best_estimate,budget>180,p45_germanrr_best_estimate_b900_s1_1788004734,node_limit,,,81.75241908297176,
germanrr,budgeted_portfolio,900,2,best_estimate,budget>180,p45_germanrr_best_estimate_b900_s2_1788004840,node_limit,,,80.51174958300544,
germanrr,instance_aware_portfolio,900,2,best_estimate,budget>180,p45_germanrr_best_estimate_b900_s2_1788004840,node_limit,,,80.51174958300544,
germanrr,multi_feature_portfolio,900,2,best_estimate,budget>180,p45_germanrr_best_estimate_b900_s2_1788004840,node_limit,,,80.51174958300544,
gfd-schedulen180f7d50m30k18,budgeted_portfolio,10,0,boltzmann_adaptive,budget<=180,p45_gfd-schedulen180f7d50m30k18_boltzmann_adaptive_b10_s0_1788023832,solver_status_108,,,10.17886104201898,
gfd-schedulen180f7d50m30k18,instance_aware_portfolio,10,0,boltzmann_adaptive,frac_count=0<5000,p45_gfd-schedulen180f7d50m30k18_boltzmann_adaptive_b10_s0_1788023832,solver_status_108,,,10.17886104201898,
gfd-schedulen180f7d50m30k18,multi_feature_portfolio,10,0,safeguarded_hybrid,votes=2/4,p45_gfd-schedulen180f7d50m30k18_safeguarded_hybrid_b10_s0_1788023832,solver_status_108,,,10.176472624996677,
gfd-schedulen180f7d50m30k18,budgeted_portfolio,10,1,boltzmann_adaptive,budget<=180,p45_gfd-schedulen180f7d50m30k18_boltzmann_adaptive_b10_s1_1788023854,solver_status_108,,,10.22222395800054,
gfd-schedulen180f7d50m30k18,instance_aware_portfolio,10,1,boltzmann_adaptive,frac_count=0<5000,p45_gfd-schedulen180f7d50m30k18_boltzmann_adaptive_b10_s1_1788023854,solver_status_108,,,10.22222395800054,
gfd-schedulen180f7d50m30k18,multi_feature_portfolio,10,1,safeguarded_hybrid,votes=2/4,p45_gfd-schedulen180f7d50m30k18_safeguarded_hybrid_b10_s1_1788023864,solver_status_108,,,10.186646417016163,
gfd-schedulen180f7d50m30k18,budgeted_portfolio,10,2,boltzmann_adaptive,budget<=180,p45_gfd-schedulen180f7d50m30k18_boltzmann_adaptive_b10_s2_1788023887,solver_status_108,,,10.185766790993512,
gfd-schedulen180f7d50m30k18,instance_aware_portfolio,10,2,boltzmann_adaptive,frac_count=0<5000,p45_gfd-schedulen180f7d50m30k18_boltzmann_adaptive_b10_s2_1788023887,solver_status_108,,,10.185766790993512,
gfd-schedulen180f7d50m30k18,multi_feature_portfolio,10,2,safeguarded_hybrid,votes=2/4,p45_gfd-schedulen180f7d50m30k18_safeguarded_hybrid_b10_s2_1788023887,solver_status_108,,,10.197818124957848,
gfd-schedulen180f7d50m30k18,budgeted_portfolio,60,0,boltzmann_adaptive,budget<=180,p45_gfd-schedulen180f7d50m30k18_boltzmann_adaptive_b60_s0_1788024020,time_limit,,,60.27566995797679,
gfd-schedulen180f7d50m30k18,instance_aware_portfolio,60,0,safeguarded_hybrid,frac_count=70731>=5000,p45_gfd-schedulen180f7d50m30k18_safeguarded_hybrid_b60_s0_1788024020,time_limit,,,60.360074374999385,
gfd-schedulen180f7d50m30k18,multi_feature_portfolio,60,0,safeguarded_hybrid,votes=4/4,p45_gfd-schedulen180f7d50m30k18_safeguarded_hybrid_b60_s0_1788024020,time_limit,,,60.360074374999385,
gfd-schedulen180f7d50m30k18,budgeted_portfolio,60,1,boltzmann_adaptive,budget<=180,p45_gfd-schedulen180f7d50m30k18_boltzmann_adaptive_b60_s1_1788024110,time_limit,,,60.210910958005115,
gfd-schedulen180f7d50m30k18,instance_aware_portfolio,60,1,safeguarded_hybrid,frac_count=73405>=5000,p45_gfd-schedulen180f7d50m30k18_safeguarded_hybrid_b60_s1_1788024143,time_limit,,,60.27431033400353,
gfd-schedulen180f7d50m30k18,multi_feature_portfolio,60,1,safeguarded_hybrid,votes=4/4,p45_gfd-schedulen180f7d50m30k18_safeguarded_hybrid_b60_s1_1788024143,time_limit,,,60.27431033400353,
gfd-schedulen180f7d50m30k18,budgeted_portfolio,60,2,boltzmann_adaptive,budget<=180,p45_gfd-schedulen180f7d50m30k18_boltzmann_adaptive_b60_s2_1788023192,time_limit,,,844.7566731249681,
gfd-schedulen180f7d50m30k18,instance_aware_portfolio,60,2,safeguarded_hybrid,frac_count=74376>=5000,p45_gfd-schedulen180f7d50m30k18_safeguarded_hybrid_b60_s2_1788023219,time_limit,,,793.7979666250176,
gfd-schedulen180f7d50m30k18,multi_feature_portfolio,60,2,safeguarded_hybrid,votes=4/4,p45_gfd-schedulen180f7d50m30k18_safeguarded_hybrid_b60_s2_1788023219,time_limit,,,793.7979666250176,
gfd-schedulen180f7d50m30k18,budgeted_portfolio,300,0,best_estimate,budget>180,p45_gfd-schedulen180f7d50m30k18_best_estimate_b300_s0_1788024206,time_limit,,,300.06335745804245,
gfd-schedulen180f7d50m30k18,instance_aware_portfolio,300,0,best_estimate,budget>180,p45_gfd-schedulen180f7d50m30k18_best_estimate_b300_s0_1788024206,time_limit,,,300.06335745804245,
gfd-schedulen180f7d50m30k18,multi_feature_portfolio,300,0,best_estimate,budget>180,p45_gfd-schedulen180f7d50m30k18_best_estimate_b300_s0_1788024206,time_limit,,,300.06335745804245,
gfd-schedulen180f7d50m30k18,budgeted_portfolio,300,1,best_estimate,budget>180,p45_gfd-schedulen180f7d50m30k18_best_estimate_b300_s1_1788024773,time_limit,,,300.2553429999971,
gfd-schedulen180f7d50m30k18,instance_aware_portfolio,300,1,best_estimate,budget>180,p45_gfd-schedulen180f7d50m30k18_best_estimate_b300_s1_1788024773,time_limit,,,300.2553429999971,
gfd-schedulen180f7d50m30k18,multi_feature_portfolio,300,1,best_estimate,budget>180,p45_gfd-schedulen180f7d50m30k18_best_estimate_b300_s1_1788024773,time_limit,,,300.2553429999971,
gfd-schedulen180f7d50m30k18,budgeted_portfolio,300,2,best_estimate,budget>180,p45_gfd-schedulen180f7d50m30k18_best_estimate_b300_s2_1788025107,time_limit,,,301.6967560839839,
gfd-schedulen180f7d50m30k18,instance_aware_portfolio,300,2,best_estimate,budget>180,p45_gfd-schedulen180f7d50m30k18_best_estimate_b300_s2_1788025107,time_limit,,,301.6967560839839,
gfd-schedulen180f7d50m30k18,multi_feature_portfolio,300,2,best_estimate,budget>180,p45_gfd-schedulen180f7d50m30k18_best_estimate_b300_s2_1788025107,time_limit,,,301.6967560839839,
gfd-schedulen180f7d50m30k18,budgeted_portfolio,900,0,best_estimate,budget>180,p45_gfd-schedulen180f7d50m30k18_best_estimate_b900_s0_1788025411,time_limit,,,900.1303475829773,
gfd-schedulen180f7d50m30k18,instance_aware_portfolio,900,0,best_estimate,budget>180,p45_gfd-schedulen180f7d50m30k18_best_estimate_b900_s0_1788025411,time_limit,,,900.1303475829773,
gfd-schedulen180f7d50m30k18,multi_feature_portfolio,900,0,best_estimate,budget>180,p45_gfd-schedulen180f7d50m30k18_best_estimate_b900_s0_1788025411,time_limit,,,900.1303475829773,
gfd-schedulen180f7d50m30k18,budgeted_portfolio,900,1,best_estimate,budget>180,p45_gfd-schedulen180f7d50m30k18_best_estimate_b900_s1_1788027177,time_limit,,,900.1317070410005,
gfd-schedulen180f7d50m30k18,instance_aware_portfolio,900,1,best_estimate,budget>180,p45_gfd-schedulen180f7d50m30k18_best_estimate_b900_s1_1788027177,time_limit,,,900.1317070410005,
gfd-schedulen180f7d50m30k18,multi_feature_portfolio,900,1,best_estimate,budget>180,p45_gfd-schedulen180f7d50m30k18_best_estimate_b900_s1_1788027177,time_limit,,,900.1317070410005,
gfd-schedulen180f7d50m30k18,budgeted_portfolio,900,2,best_estimate,budget>180,p45_gfd-schedulen180f7d50m30k18_best_estimate_b900_s2_1788028112,time_limit,,,900.069214624993,
gfd-schedulen180f7d50m30k18,instance_aware_portfolio,900,2,best_estimate,budget>180,p45_gfd-schedulen180f7d50m30k18_best_estimate_b900_s2_1788028112,time_limit,,,900.069214624993,
gfd-schedulen180f7d50m30k18,multi_feature_portfolio,900,2,best_estimate,budget>180,p45_gfd-schedulen180f7d50m30k18_best_estimate_b900_s2_1788028112,time_limit,,,900.069214624993,
irp,budgeted_portfolio,10,0,boltzmann_adaptive,budget<=180,p45_irp_boltzmann_adaptive_b10_s0_1788004930,time_limit,12309.415608,0.22361024998826906,10.001356124994345,
irp,instance_aware_portfolio,10,0,boltzmann_adaptive,frac_count=17<5000,p45_irp_boltzmann_adaptive_b10_s0_1788004930,time_limit,12309.415608,0.22361024998826906,10.001356124994345,
irp,multi_feature_portfolio,10,0,boltzmann_adaptive,votes=0/4,p45_irp_boltzmann_adaptive_b10_s0_1788004930,time_limit,12309.415608,0.22361024998826906,10.001356124994345,
irp,budgeted_portfolio,10,1,boltzmann_adaptive,budget<=180,p45_irp_boltzmann_adaptive_b10_s1_1788004950,time_limit,12161.152748,0.218666166998446,10.003421708999667,
irp,instance_aware_portfolio,10,1,boltzmann_adaptive,frac_count=17<5000,p45_irp_boltzmann_adaptive_b10_s1_1788004950,time_limit,12161.152748,0.218666166998446,10.003421708999667,
irp,multi_feature_portfolio,10,1,boltzmann_adaptive,votes=0/4,p45_irp_boltzmann_adaptive_b10_s1_1788004950,time_limit,12161.152748,0.218666166998446,10.003421708999667,
irp,budgeted_portfolio,10,2,boltzmann_adaptive,budget<=180,p45_irp_boltzmann_adaptive_b10_s2_1788004966,time_limit,12191.909912,0.21816808299627155,10.051127583021298,
irp,instance_aware_portfolio,10,2,boltzmann_adaptive,frac_count=17<5000,p45_irp_boltzmann_adaptive_b10_s2_1788004966,time_limit,12191.909912,0.21816808299627155,10.051127583021298,
irp,multi_feature_portfolio,10,2,boltzmann_adaptive,votes=0/4,p45_irp_boltzmann_adaptive_b10_s2_1788004966,time_limit,12191.909912,0.21816808299627155,10.051127583021298,
irp,budgeted_portfolio,60,0,boltzmann_adaptive,budget<=180,p45_irp_boltzmann_adaptive_b60_s0_1788005013,node_limit,12309.415608,0.22749204200226814,44.9862260419759,
irp,instance_aware_portfolio,60,0,boltzmann_adaptive,frac_count=17<5000,p45_irp_boltzmann_adaptive_b60_s0_1788005013,node_limit,12309.415608,0.22749204200226814,44.9862260419759,
irp,multi_feature_portfolio,60,0,boltzmann_adaptive,votes=0/4,p45_irp_boltzmann_adaptive_b60_s0_1788005013,node_limit,12309.415608,0.22749204200226814,44.9862260419759,
irp,budgeted_portfolio,60,1,boltzmann_adaptive,budget<=180,p45_irp_boltzmann_adaptive_b60_s1_1788005058,node_limit,12195.398792999998,0.2271877919556573,42.95097495795926,
irp,instance_aware_portfolio,60,1,boltzmann_adaptive,frac_count=17<5000,p45_irp_boltzmann_adaptive_b60_s1_1788005058,node_limit,12195.398792999998,0.2271877919556573,42.95097495795926,
irp,multi_feature_portfolio,60,1,boltzmann_adaptive,votes=0/4,p45_irp_boltzmann_adaptive_b60_s1_1788005058,node_limit,12195.398792999998,0.2271877919556573,42.95097495795926,
irp,budgeted_portfolio,60,2,boltzmann_adaptive,budget<=180,p45_irp_boltzmann_adaptive_b60_s2_1788005105,node_limit,12190.847901000001,0.22520475002238527,42.85303175001172,
irp,instance_aware_portfolio,60,2,boltzmann_adaptive,frac_count=17<5000,p45_irp_boltzmann_adaptive_b60_s2_1788005105,node_limit,12190.847901000001,0.22520475002238527,42.85303175001172,
irp,multi_feature_portfolio,60,2,boltzmann_adaptive,votes=0/4,p45_irp_boltzmann_adaptive_b60_s2_1788005105,node_limit,12190.847901000001,0.22520475002238527,42.85303175001172,
irp,budgeted_portfolio,300,0,best_estimate,budget>180,p45_irp_best_estimate_b300_s0_1788005154,node_limit,12191.909912,0.2263675419962965,47.8219616250135,
irp,instance_aware_portfolio,300,0,best_estimate,budget>180,p45_irp_best_estimate_b300_s0_1788005154,node_limit,12191.909912,0.2263675419962965,47.8219616250135,
irp,multi_feature_portfolio,300,0,best_estimate,budget>180,p45_irp_best_estimate_b300_s0_1788005154,node_limit,12191.909912,0.2263675419962965,47.8219616250135,
irp,budgeted_portfolio,300,1,best_estimate,budget>180,p45_irp_best_estimate_b300_s1_1788005229,node_limit,12191.909912000001,0.22999429097399116,47.4441934999777,
irp,instance_aware_portfolio,300,1,best_estimate,budget>180,p45_irp_best_estimate_b300_s1_1788005229,node_limit,12191.909912000001,0.22999429097399116,47.4441934999777,
irp,multi_feature_portfolio,300,1,best_estimate,budget>180,p45_irp_best_estimate_b300_s1_1788005229,node_limit,12191.909912000001,0.22999429097399116,47.4441934999777,
irp,budgeted_portfolio,300,2,best_estimate,budget>180,p45_irp_best_estimate_b300_s2_1788005279,node_limit,12191.909912,0.2217362920055166,45.159397916984744,
irp,instance_aware_portfolio,300,2,best_estimate,budget>180,p45_irp_best_estimate_b300_s2_1788005279,node_limit,12191.909912,0.2217362920055166,45.159397916984744,
irp,multi_feature_portfolio,300,2,best_estimate,budget>180,p45_irp_best_estimate_b300_s2_1788005279,node_limit,12191.909912,0.2217362920055166,45.159397916984744,
irp,budgeted_portfolio,900,0,best_estimate,budget>180,p45_irp_best_estimate_b900_s0_1788005327,node_limit,12191.909912000001,0.23745066701667383,47.15127512504114,
irp,instance_aware_portfolio,900,0,best_estimate,budget>180,p45_irp_best_estimate_b900_s0_1788005327,node_limit,12191.909912000001,0.23745066701667383,47.15127512504114,
irp,multi_feature_portfolio,900,0,best_estimate,budget>180,p45_irp_best_estimate_b900_s0_1788005327,node_limit,12191.909912000001,0.23745066701667383,47.15127512504114,
irp,budgeted_portfolio,900,1,best_estimate,budget>180,p45_irp_best_estimate_b900_s1_1788005404,node_limit,12191.909912000001,0.22911149996798486,47.774607667000964,
irp,instance_aware_portfolio,900,1,best_estimate,budget>180,p45_irp_best_estimate_b900_s1_1788005404,node_limit,12191.909912000001,0.22911149996798486,47.774607667000964,
irp,multi_feature_portfolio,900,1,best_estimate,budget>180,p45_irp_best_estimate_b900_s1_1788005404,node_limit,12191.909912000001,0.22911149996798486,47.774607667000964,
irp,budgeted_portfolio,900,2,best_estimate,budget>180,p45_irp_best_estimate_b900_s2_1788005452,node_limit,12191.909912,0.22657604096457362,47.421288915968034,
irp,instance_aware_portfolio,900,2,best_estimate,budget>180,p45_irp_best_estimate_b900_s2_1788005452,node_limit,12191.909912,0.22657604096457362,47.421288915968034,
irp,multi_feature_portfolio,900,2,best_estimate,budget>180,p45_irp_best_estimate_b900_s2_1788005452,node_limit,12191.909912,0.22657604096457362,47.421288915968034,
lectsched-5-obj,budgeted_portfolio,10,0,boltzmann_adaptive,budget<=180,p45_lectsched-5-obj_boltzmann_adaptive_b10_s0_1788028998,time_limit,,,10.007964292017277,
lectsched-5-obj,instance_aware_portfolio,10,0,safeguarded_hybrid,frac_count=16097>=5000,p45_lectsched-5-obj_safeguarded_hybrid_b10_s0_1788028998,time_limit,,,10.014060790999793,
lectsched-5-obj,multi_feature_portfolio,10,0,safeguarded_hybrid,votes=2/4,p45_lectsched-5-obj_safeguarded_hybrid_b10_s0_1788028998,time_limit,,,10.014060790999793,
lectsched-5-obj,budgeted_portfolio,10,1,boltzmann_adaptive,budget<=180,p45_lectsched-5-obj_boltzmann_adaptive_b10_s1_1788029015,time_limit,,,10.003923167008907,
lectsched-5-obj,instance_aware_portfolio,10,1,safeguarded_hybrid,frac_count=16097>=5000,p45_lectsched-5-obj_safeguarded_hybrid_b10_s1_1788029019,time_limit,,,10.006105125008617,
lectsched-5-obj,multi_feature_portfolio,10,1,safeguarded_hybrid,votes=2/4,p45_lectsched-5-obj_safeguarded_hybrid_b10_s1_1788029019,time_limit,,,10.006105125008617,
lectsched-5-obj,budgeted_portfolio,10,2,boltzmann_adaptive,budget<=180,p45_lectsched-5-obj_boltzmann_adaptive_b10_s2_1788029029,time_limit,,,10.067140124971047,
lectsched-5-obj,instance_aware_portfolio,10,2,safeguarded_hybrid,frac_count=16097>=5000,p45_lectsched-5-obj_safeguarded_hybrid_b10_s2_1788029029,time_limit,,,10.009550416027196,
lectsched-5-obj,multi_feature_portfolio,10,2,safeguarded_hybrid,votes=2/4,p45_lectsched-5-obj_safeguarded_hybrid_b10_s2_1788029029,time_limit,,,10.009550416027196,
lectsched-5-obj,budgeted_portfolio,60,0,boltzmann_adaptive,budget<=180,p45_lectsched-5-obj_boltzmann_adaptive_b60_s0_1788029079,node_limit,,,45.0432833750383,
lectsched-5-obj,instance_aware_portfolio,60,0,safeguarded_hybrid,frac_count=16097>=5000,p45_lectsched-5-obj_safeguarded_hybrid_b60_s0_1788029079,time_limit,,,60.207303333038,
lectsched-5-obj,multi_feature_portfolio,60,0,safeguarded_hybrid,votes=2/4,p45_lectsched-5-obj_safeguarded_hybrid_b60_s0_1788029079,time_limit,,,60.207303333038,
lectsched-5-obj,budgeted_portfolio,60,1,boltzmann_adaptive,budget<=180,p45_lectsched-5-obj_boltzmann_adaptive_b60_s1_1788029128,node_limit,,,48.384906416002195,
lectsched-5-obj,instance_aware_portfolio,60,1,safeguarded_hybrid,frac_count=16097>=5000,p45_lectsched-5-obj_safeguarded_hybrid_b60_s1_1788029133,time_limit,,,60.001997208979446,
lectsched-5-obj,multi_feature_portfolio,60,1,safeguarded_hybrid,votes=2/4,p45_lectsched-5-obj_safeguarded_hybrid_b60_s1_1788029133,time_limit,,,60.001997208979446,
lectsched-5-obj,budgeted_portfolio,60,2,boltzmann_adaptive,budget<=180,p45_lectsched-5-obj_boltzmann_adaptive_b60_s2_1788029191,node_limit,,,47.99632408400066,
lectsched-5-obj,instance_aware_portfolio,60,2,safeguarded_hybrid,frac_count=16097>=5000,p45_lectsched-5-obj_safeguarded_hybrid_b60_s2_1788029193,time_limit,,,60.20043045800412,
lectsched-5-obj,multi_feature_portfolio,60,2,safeguarded_hybrid,votes=2/4,p45_lectsched-5-obj_safeguarded_hybrid_b60_s2_1788029193,time_limit,,,60.20043045800412,
lectsched-5-obj,budgeted_portfolio,300,0,best_estimate,budget>180,p45_lectsched-5-obj_best_estimate_b300_s0_1788029254,node_limit,,,60.349900874949526,
lectsched-5-obj,instance_aware_portfolio,300,0,best_estimate,budget>180,p45_lectsched-5-obj_best_estimate_b300_s0_1788029254,node_limit,,,60.349900874949526,
lectsched-5-obj,multi_feature_portfolio,300,0,best_estimate,budget>180,p45_lectsched-5-obj_best_estimate_b300_s0_1788029254,node_limit,,,60.349900874949526,
lectsched-5-obj,budgeted_portfolio,300,1,best_estimate,budget>180,p45_lectsched-5-obj_best_estimate_b300_s1_1788029319,node_limit,,,71.44548799999757,
lectsched-5-obj,instance_aware_portfolio,300,1,best_estimate,budget>180,p45_lectsched-5-obj_best_estimate_b300_s1_1788029319,node_limit,,,71.44548799999757,
lectsched-5-obj,multi_feature_portfolio,300,1,best_estimate,budget>180,p45_lectsched-5-obj_best_estimate_b300_s1_1788029319,node_limit,,,71.44548799999757,
lectsched-5-obj,budgeted_portfolio,300,2,best_estimate,budget>180,p45_lectsched-5-obj_best_estimate_b300_s2_1788029390,node_limit,,,65.78049604099942,
lectsched-5-obj,instance_aware_portfolio,300,2,best_estimate,budget>180,p45_lectsched-5-obj_best_estimate_b300_s2_1788029390,node_limit,,,65.78049604099942,
lectsched-5-obj,multi_feature_portfolio,300,2,best_estimate,budget>180,p45_lectsched-5-obj_best_estimate_b300_s2_1788029390,node_limit,,,65.78049604099942,
lectsched-5-obj,budgeted_portfolio,900,0,best_estimate,budget>180,p45_lectsched-5-obj_best_estimate_b900_s0_1788029456,node_limit,,,60.452147124975454,
lectsched-5-obj,instance_aware_portfolio,900,0,best_estimate,budget>180,p45_lectsched-5-obj_best_estimate_b900_s0_1788029456,node_limit,,,60.452147124975454,
lectsched-5-obj,multi_feature_portfolio,900,0,best_estimate,budget>180,p45_lectsched-5-obj_best_estimate_b900_s0_1788029456,node_limit,,,60.452147124975454,
lectsched-5-obj,budgeted_portfolio,900,1,best_estimate,budget>180,p45_lectsched-5-obj_best_estimate_b900_s1_1788029522,node_limit,,,71.552244874998,
lectsched-5-obj,instance_aware_portfolio,900,1,best_estimate,budget>180,p45_lectsched-5-obj_best_estimate_b900_s1_1788029522,node_limit,,,71.552244874998,
lectsched-5-obj,multi_feature_portfolio,900,1,best_estimate,budget>180,p45_lectsched-5-obj_best_estimate_b900_s1_1788029522,node_limit,,,71.552244874998,
lectsched-5-obj,budgeted_portfolio,900,2,best_estimate,budget>180,p45_lectsched-5-obj_best_estimate_b900_s2_1788029596,node_limit,,,65.40815258299699,
lectsched-5-obj,instance_aware_portfolio,900,2,best_estimate,budget>180,p45_lectsched-5-obj_best_estimate_b900_s2_1788029596,node_limit,,,65.40815258299699,
lectsched-5-obj,multi_feature_portfolio,900,2,best_estimate,budget>180,p45_lectsched-5-obj_best_estimate_b900_s2_1788029596,node_limit,,,65.40815258299699,
mcsched,budgeted_portfolio,10,0,boltzmann_adaptive,budget<=180,p45_mcsched_boltzmann_adaptive_b10_s0_1788029644,time_limit,222828.0,0.1628394169965759,10.010510125022847,
mcsched,instance_aware_portfolio,10,0,boltzmann_adaptive,frac_count=1397<5000,p45_mcsched_boltzmann_adaptive_b10_s0_1788029644,time_limit,222828.0,0.1628394169965759,10.010510125022847,
mcsched,multi_feature_portfolio,10,0,boltzmann_adaptive,votes=1/4,p45_mcsched_boltzmann_adaptive_b10_s0_1788029644,time_limit,222828.0,0.1628394169965759,10.010510125022847,
mcsched,budgeted_portfolio,10,1,boltzmann_adaptive,budget<=180,p45_mcsched_boltzmann_adaptive_b10_s1_1788029662,time_limit,221876.0,0.1659158340189606,10.009887125052046,
mcsched,instance_aware_portfolio,10,1,boltzmann_adaptive,frac_count=1397<5000,p45_mcsched_boltzmann_adaptive_b10_s1_1788029662,time_limit,221876.0,0.1659158340189606,10.009887125052046,
mcsched,multi_feature_portfolio,10,1,boltzmann_adaptive,votes=1/4,p45_mcsched_boltzmann_adaptive_b10_s1_1788029662,time_limit,221876.0,0.1659158340189606,10.009887125052046,
mcsched,budgeted_portfolio,10,2,boltzmann_adaptive,budget<=180,p45_mcsched_boltzmann_adaptive_b10_s2_1788029681,time_limit,229901.0,0.16556808300083503,10.002765082987025,
mcsched,instance_aware_portfolio,10,2,boltzmann_adaptive,frac_count=1397<5000,p45_mcsched_boltzmann_adaptive_b10_s2_1788029681,time_limit,229901.0,0.16556808300083503,10.002765082987025,
mcsched,multi_feature_portfolio,10,2,boltzmann_adaptive,votes=1/4,p45_mcsched_boltzmann_adaptive_b10_s2_1788029681,time_limit,229901.0,0.16556808300083503,10.002765082987025,
mcsched,budgeted_portfolio,60,1,boltzmann_adaptive,budget<=180,p45_mcsched_boltzmann_adaptive_b60_s1_1788029724,node_limit,218807.0,0.16639470803784207,23.161961625039112,
mcsched,instance_aware_portfolio,60,1,boltzmann_adaptive,frac_count=1397<5000,p45_mcsched_boltzmann_adaptive_b60_s1_1788029724,node_limit,218807.0,0.16639470803784207,23.161961625039112,
mcsched,multi_feature_portfolio,60,1,boltzmann_adaptive,votes=1/4,p45_mcsched_boltzmann_adaptive_b60_s1_1788029724,node_limit,218807.0,0.16639470803784207,23.161961625039112,
mcsched,budgeted_portfolio,60,2,boltzmann_adaptive,budget<=180,p45_mcsched_boltzmann_adaptive_b60_s2_1788029749,node_limit,217901.0,0.16486437496496364,23.176672874949872,
mcsched,instance_aware_portfolio,60,2,boltzmann_adaptive,frac_count=1397<5000,p45_mcsched_boltzmann_adaptive_b60_s2_1788029749,node_limit,217901.0,0.16486437496496364,23.176672874949872,
mcsched,multi_feature_portfolio,60,2,boltzmann_adaptive,votes=1/4,p45_mcsched_boltzmann_adaptive_b60_s2_1788029749,node_limit,217901.0,0.16486437496496364,23.176672874949872,
mcsched,budgeted_portfolio,300,0,best_estimate,budget>180,p45_mcsched_best_estimate_b300_s0_1788029774,node_limit,220765.0,0.16625412501161918,17.210830083000474,
mcsched,instance_aware_portfolio,300,0,best_estimate,budget>180,p45_mcsched_best_estimate_b300_s0_1788029774,node_limit,220765.0,0.16625412501161918,17.210830083000474,
mcsched,multi_feature_portfolio,300,0,best_estimate,budget>180,p45_mcsched_best_estimate_b300_s0_1788029774,node_limit,220765.0,0.16625412501161918,17.210830083000474,
mcsched,budgeted_portfolio,300,1,best_estimate,budget>180,p45_mcsched_best_estimate_b300_s1_1788029806,node_limit,220765.0,0.16640687495237216,16.94980929099256,
mcsched,instance_aware_portfolio,300,1,best_estimate,budget>180,p45_mcsched_best_estimate_b300_s1_1788029806,node_limit,220765.0,0.16640687495237216,16.94980929099256,
mcsched,multi_feature_portfolio,300,1,best_estimate,budget>180,p45_mcsched_best_estimate_b300_s1_1788029806,node_limit,220765.0,0.16640687495237216,16.94980929099256,
mcsched,budgeted_portfolio,300,2,best_estimate,budget>180,p45_mcsched_best_estimate_b300_s2_1788029831,node_limit,220765.0,0.16561741702025756,17.332569209043868,
mcsched,instance_aware_portfolio,300,2,best_estimate,budget>180,p45_mcsched_best_estimate_b300_s2_1788029831,node_limit,220765.0,0.16561741702025756,17.332569209043868,
mcsched,multi_feature_portfolio,300,2,best_estimate,budget>180,p45_mcsched_best_estimate_b300_s2_1788029831,node_limit,220765.0,0.16561741702025756,17.332569209043868,
mcsched,budgeted_portfolio,900,0,best_estimate,budget>180,p45_mcsched_best_estimate_b900_s0_1788029857,node_limit,220765.0,0.16578999999910593,17.299327999993693,
mcsched,instance_aware_portfolio,900,0,best_estimate,budget>180,p45_mcsched_best_estimate_b900_s0_1788029857,node_limit,220765.0,0.16578999999910593,17.299327999993693,
mcsched,multi_feature_portfolio,900,0,best_estimate,budget>180,p45_mcsched_best_estimate_b900_s0_1788029857,node_limit,220765.0,0.16578999999910593,17.299327999993693,
mcsched,budgeted_portfolio,900,1,best_estimate,budget>180,p45_mcsched_best_estimate_b900_s1_1788029888,node_limit,220765.0,0.16618879098678008,17.523779708018992,
mcsched,instance_aware_portfolio,900,1,best_estimate,budget>180,p45_mcsched_best_estimate_b900_s1_1788029888,node_limit,220765.0,0.16618879098678008,17.523779708018992,
mcsched,multi_feature_portfolio,900,1,best_estimate,budget>180,p45_mcsched_best_estimate_b900_s1_1788029888,node_limit,220765.0,0.16618879098678008,17.523779708018992,
mcsched,budgeted_portfolio,900,2,best_estimate,budget>180,p45_mcsched_best_estimate_b900_s2_1788029911,node_limit,220765.0,0.1669510419596918,17.649292124959175,
mcsched,instance_aware_portfolio,900,2,best_estimate,budget>180,p45_mcsched_best_estimate_b900_s2_1788029911,node_limit,220765.0,0.1669510419596918,17.649292124959175,
mcsched,multi_feature_portfolio,900,2,best_estimate,budget>180,p45_mcsched_best_estimate_b900_s2_1788029911,node_limit,220765.0,0.1669510419596918,17.649292124959175,
rail01,budgeted_portfolio,10,0,boltzmann_adaptive,budget<=180,p45_rail01_boltzmann_adaptive_b10_s0_1788005499,solver_status_108,,,10.010541957977694,
rail01,instance_aware_portfolio,10,0,boltzmann_adaptive,frac_count=0<5000,p45_rail01_boltzmann_adaptive_b10_s0_1788005499,solver_status_108,,,10.010541957977694,
rail01,multi_feature_portfolio,10,0,safeguarded_hybrid,votes=2/4,p45_rail01_safeguarded_hybrid_b10_s0_1788005500,solver_status_108,,,10.009457084001042,
rail01,budgeted_portfolio,10,1,boltzmann_adaptive,budget<=180,p45_rail01_boltzmann_adaptive_b10_s1_1788005515,solver_status_108,,,10.00830262497766,
rail01,instance_aware_portfolio,10,1,boltzmann_adaptive,frac_count=0<5000,p45_rail01_boltzmann_adaptive_b10_s1_1788005515,solver_status_108,,,10.00830262497766,
rail01,multi_feature_portfolio,10,1,safeguarded_hybrid,votes=2/4,p45_rail01_safeguarded_hybrid_b10_s1_1788005515,solver_status_108,,,10.010655833990313,
rail01,budgeted_portfolio,10,2,boltzmann_adaptive,budget<=180,p45_rail01_boltzmann_adaptive_b10_s2_1788005528,solver_status_108,,,10.011129458027426,
rail01,instance_aware_portfolio,10,2,boltzmann_adaptive,frac_count=0<5000,p45_rail01_boltzmann_adaptive_b10_s2_1788005528,solver_status_108,,,10.011129458027426,
rail01,multi_feature_portfolio,10,2,safeguarded_hybrid,votes=2/4,p45_rail01_safeguarded_hybrid_b10_s2_1788005530,solver_status_108,,,10.009770584001672,
rail01,budgeted_portfolio,60,0,boltzmann_adaptive,budget<=180,p45_rail01_boltzmann_adaptive_b60_s0_1788005590,time_limit,,,60.01316212496022,
rail01,instance_aware_portfolio,60,0,safeguarded_hybrid,frac_count=12936>=5000,p45_rail01_safeguarded_hybrid_b60_s0_1788005591,time_limit,,,60.010111875017174,
rail01,multi_feature_portfolio,60,0,safeguarded_hybrid,votes=4/4,p45_rail01_safeguarded_hybrid_b60_s0_1788005591,time_limit,,,60.010111875017174,
rail01,budgeted_portfolio,60,1,boltzmann_adaptive,budget<=180,p45_rail01_boltzmann_adaptive_b60_s1_1788005657,time_limit,,,60.22560795798199,
rail01,instance_aware_portfolio,60,1,safeguarded_hybrid,frac_count=12985>=5000,p45_rail01_safeguarded_hybrid_b60_s1_1788005657,time_limit,,,60.32206616696203,
rail01,multi_feature_portfolio,60,1,safeguarded_hybrid,votes=4/4,p45_rail01_safeguarded_hybrid_b60_s1_1788005657,time_limit,,,60.32206616696203,
rail01,budgeted_portfolio,60,2,boltzmann_adaptive,budget<=180,p45_rail01_boltzmann_adaptive_b60_s2_1788005720,time_limit,,,60.011590000009164,
rail01,instance_aware_portfolio,60,2,safeguarded_hybrid,frac_count=12909>=5000,p45_rail01_safeguarded_hybrid_b60_s2_1788005722,time_limit,,,60.013128541002516,
rail01,multi_feature_portfolio,60,2,safeguarded_hybrid,votes=4/4,p45_rail01_safeguarded_hybrid_b60_s2_1788005722,time_limit,,,60.013128541002516,
rail01,budgeted_portfolio,300,0,best_estimate,budget>180,p45_rail01_best_estimate_b300_s0_1788005782,time_limit,,,300.00735016702674,
rail01,instance_aware_portfolio,300,0,best_estimate,budget>180,p45_rail01_best_estimate_b300_s0_1788005782,time_limit,,,300.00735016702674,
rail01,multi_feature_portfolio,300,0,best_estimate,budget>180,p45_rail01_best_estimate_b300_s0_1788005782,time_limit,,,300.00735016702674,
rail01,budgeted_portfolio,300,1,best_estimate,budget>180,p45_rail01_best_estimate_b300_s1_1788006373,time_limit,,,300.01535399997374,
rail01,instance_aware_portfolio,300,1,best_estimate,budget>180,p45_rail01_best_estimate_b300_s1_1788006373,time_limit,,,300.01535399997374,
rail01,multi_feature_portfolio,300,1,best_estimate,budget>180,p45_rail01_best_estimate_b300_s1_1788006373,time_limit,,,300.01535399997374,
rail01,budgeted_portfolio,300,2,best_estimate,budget>180,p45_rail01_best_estimate_b300_s2_1788006678,time_limit,,,300.0164252920076,
rail01,instance_aware_portfolio,300,2,best_estimate,budget>180,p45_rail01_best_estimate_b300_s2_1788006678,time_limit,,,300.0164252920076,
rail01,multi_feature_portfolio,300,2,best_estimate,budget>180,p45_rail01_best_estimate_b300_s2_1788006678,time_limit,,,300.0164252920076,
rail01,budgeted_portfolio,900,0,best_estimate,budget>180,p45_rail01_best_estimate_b900_s0_1788006983,time_limit,,,900.0107212499715,
rail01,instance_aware_portfolio,900,0,best_estimate,budget>180,p45_rail01_best_estimate_b900_s0_1788006983,time_limit,,,900.0107212499715,
rail01,multi_feature_portfolio,900,0,best_estimate,budget>180,p45_rail01_best_estimate_b900_s0_1788006983,time_limit,,,900.0107212499715,
rail01,budgeted_portfolio,900,1,best_estimate,budget>180,p45_rail01_best_estimate_b900_s1_1788008774,time_limit,,,900.0134460830013,
rail01,instance_aware_portfolio,900,1,best_estimate,budget>180,p45_rail01_best_estimate_b900_s1_1788008774,time_limit,,,900.0134460830013,
rail01,multi_feature_portfolio,900,1,best_estimate,budget>180,p45_rail01_best_estimate_b900_s1_1788008774,time_limit,,,900.0134460830013,
rail01,budgeted_portfolio,900,2,best_estimate,budget>180,p45_rail01_best_estimate_b900_s2_1788009680,time_limit,,,900.0140457919915,
rail01,instance_aware_portfolio,900,2,best_estimate,budget>180,p45_rail01_best_estimate_b900_s2_1788009680,time_limit,,,900.0140457919915,
rail01,multi_feature_portfolio,900,2,best_estimate,budget>180,p45_rail01_best_estimate_b900_s2_1788009680,time_limit,,,900.0140457919915,
rail02,budgeted_portfolio,10,0,boltzmann_adaptive,budget<=180,p45_rail02_boltzmann_adaptive_b10_s0_1788010585,solver_status_108,,,10.017210666963365,
rail02,instance_aware_portfolio,10,0,boltzmann_adaptive,frac_count=0<5000,p45_rail02_boltzmann_adaptive_b10_s0_1788010585,solver_status_108,,,10.017210666963365,
rail02,multi_feature_portfolio,10,0,safeguarded_hybrid,votes=2/4,p45_rail02_safeguarded_hybrid_b10_s0_1788010586,solver_status_108,,,10.016919333022088,
rail02,budgeted_portfolio,10,1,boltzmann_adaptive,budget<=180,p45_rail02_boltzmann_adaptive_b10_s1_1788010602,solver_status_108,,,10.01215983304428,
rail02,instance_aware_portfolio,10,1,boltzmann_adaptive,frac_count=0<5000,p45_rail02_boltzmann_adaptive_b10_s1_1788010602,solver_status_108,,,10.01215983304428,
rail02,multi_feature_portfolio,10,1,safeguarded_hybrid,votes=2/4,p45_rail02_safeguarded_hybrid_b10_s1_1788010602,solver_status_108,,,10.01579724997282,
rail02,budgeted_portfolio,10,2,boltzmann_adaptive,budget<=180,p45_rail02_boltzmann_adaptive_b10_s2_1788010615,solver_status_108,,,10.01680970902089,
rail02,instance_aware_portfolio,10,2,boltzmann_adaptive,frac_count=0<5000,p45_rail02_boltzmann_adaptive_b10_s2_1788010615,solver_status_108,,,10.01680970902089,
rail02,multi_feature_portfolio,10,2,safeguarded_hybrid,votes=2/4,p45_rail02_safeguarded_hybrid_b10_s2_1788010617,solver_status_108,,,10.013777834014036,
rail02,budgeted_portfolio,60,0,boltzmann_adaptive,budget<=180,p45_rail02_boltzmann_adaptive_b60_s0_1788010678,solver_status_108,,,60.02112270798534,
rail02,instance_aware_portfolio,60,0,boltzmann_adaptive,frac_count=0<5000,p45_rail02_boltzmann_adaptive_b60_s0_1788010678,solver_status_108,,,60.02112270798534,
rail02,multi_feature_portfolio,60,0,safeguarded_hybrid,votes=2/4,p45_rail02_safeguarded_hybrid_b60_s0_1788010679,solver_status_108,,,60.025426291977055,
rail02,budgeted_portfolio,60,1,boltzmann_adaptive,budget<=180,p45_rail02_boltzmann_adaptive_b60_s1_1788010745,solver_status_108,,,60.022182082990184,
rail02,instance_aware_portfolio,60,1,boltzmann_adaptive,frac_count=0<5000,p45_rail02_boltzmann_adaptive_b60_s1_1788010745,solver_status_108,,,60.022182082990184,
rail02,multi_feature_portfolio,60,1,safeguarded_hybrid,votes=2/4,p45_rail02_safeguarded_hybrid_b60_s1_1788010745,solver_status_108,,,60.01979837502586,
rail02,budgeted_portfolio,60,2,boltzmann_adaptive,budget<=180,p45_rail02_boltzmann_adaptive_b60_s2_1788010808,solver_status_108,,,60.02370104100555,
rail02,instance_aware_portfolio,60,2,boltzmann_adaptive,frac_count=0<5000,p45_rail02_boltzmann_adaptive_b60_s2_1788010808,solver_status_108,,,60.02370104100555,
rail02,multi_feature_portfolio,60,2,safeguarded_hybrid,votes=2/4,p45_rail02_safeguarded_hybrid_b60_s2_1788010809,solver_status_108,,,60.020644333038945,
rail02,budgeted_portfolio,300,0,best_estimate,budget>180,p45_rail02_best_estimate_b300_s0_1788010870,solver_status_108,,,300.0183138750144,
rail02,instance_aware_portfolio,300,0,best_estimate,budget>180,p45_rail02_best_estimate_b300_s0_1788010870,solver_status_108,,,300.0183138750144,
rail02,multi_feature_portfolio,300,0,best_estimate,budget>180,p45_rail02_best_estimate_b300_s0_1788010870,solver_status_108,,,300.0183138750144,
rail02,budgeted_portfolio,300,1,best_estimate,budget>180,p45_rail02_best_estimate_b300_s1_1788011463,solver_status_108,,,300.0244956249953,
rail02,instance_aware_portfolio,300,1,best_estimate,budget>180,p45_rail02_best_estimate_b300_s1_1788011463,solver_status_108,,,300.0244956249953,
rail02,multi_feature_portfolio,300,1,best_estimate,budget>180,p45_rail02_best_estimate_b300_s1_1788011463,solver_status_108,,,300.0244956249953,
rail02,budgeted_portfolio,300,2,best_estimate,budget>180,p45_rail02_best_estimate_b300_s2_1788023809,time_limit,,,300.03481316700345,
rail02,instance_aware_portfolio,300,2,best_estimate,budget>180,p45_rail02_best_estimate_b300_s2_1788023809,time_limit,,,300.03481316700345,
rail02,multi_feature_portfolio,300,2,best_estimate,budget>180,p45_rail02_best_estimate_b300_s2_1788023809,time_limit,,,300.03481316700345,
rail02,budgeted_portfolio,900,0,best_estimate,budget>180,p45_rail02_best_estimate_b900_s0_1788012274,time_limit,,,900.0199933750555,
rail02,instance_aware_portfolio,900,0,best_estimate,budget>180,p45_rail02_best_estimate_b900_s0_1788012274,time_limit,,,900.0199933750555,
rail02,multi_feature_portfolio,900,0,best_estimate,budget>180,p45_rail02_best_estimate_b900_s0_1788012274,time_limit,,,900.0199933750555,
rail02,budgeted_portfolio,900,1,best_estimate,budget>180,p45_rail02_best_estimate_b900_s1_1788013865,time_limit,,,900.021014958038,
rail02,instance_aware_portfolio,900,1,best_estimate,budget>180,p45_rail02_best_estimate_b900_s1_1788013865,time_limit,,,900.021014958038,
rail02,multi_feature_portfolio,900,1,best_estimate,budget>180,p45_rail02_best_estimate_b900_s1_1788013865,time_limit,,,900.021014958038,
rail02,budgeted_portfolio,900,2,best_estimate,budget>180,p45_rail02_best_estimate_b900_s2_1788014775,time_limit,,,900.0195016670041,
rail02,instance_aware_portfolio,900,2,best_estimate,budget>180,p45_rail02_best_estimate_b900_s2_1788014775,time_limit,,,900.0195016670041,
rail02,multi_feature_portfolio,900,2,best_estimate,budget>180,p45_rail02_best_estimate_b900_s2_1788014775,time_limit,,,900.0195016670041,
rail507,budgeted_portfolio,10,0,boltzmann_adaptive,budget<=180,p45_rail507_boltzmann_adaptive_b10_s0_1788015682,time_limit,750.0,2.8586163750151172,10.208479584020097,
rail507,instance_aware_portfolio,10,0,boltzmann_adaptive,frac_count=320<5000,p45_rail507_boltzmann_adaptive_b10_s0_1788015682,time_limit,750.0,2.8586163750151172,10.208479584020097,
rail507,multi_feature_portfolio,10,0,boltzmann_adaptive,votes=1/4,p45_rail507_boltzmann_adaptive_b10_s0_1788015682,time_limit,750.0,2.8586163750151172,10.208479584020097,
rail507,budgeted_portfolio,10,1,boltzmann_adaptive,budget<=180,p45_rail507_boltzmann_adaptive_b10_s1_1788015702,time_limit,753.0,2.7007121249916963,10.00249199999962,
rail507,instance_aware_portfolio,10,1,boltzmann_adaptive,frac_count=315<5000,p45_rail507_boltzmann_adaptive_b10_s1_1788015702,time_limit,753.0,2.7007121249916963,10.00249199999962,
rail507,multi_feature_portfolio,10,1,boltzmann_adaptive,votes=1/4,p45_rail507_boltzmann_adaptive_b10_s1_1788015702,time_limit,753.0,2.7007121249916963,10.00249199999962,
rail507,budgeted_portfolio,10,2,boltzmann_adaptive,budget<=180,p45_rail507_boltzmann_adaptive_b10_s2_1788015723,time_limit,753.0,2.900113957992289,10.410942499991506,
rail507,instance_aware_portfolio,10,2,boltzmann_adaptive,frac_count=321<5000,p45_rail507_boltzmann_adaptive_b10_s2_1788015723,time_limit,753.0,2.900113957992289,10.410942499991506,
rail507,multi_feature_portfolio,10,2,boltzmann_adaptive,votes=1/4,p45_rail507_boltzmann_adaptive_b10_s2_1788015723,time_limit,753.0,2.900113957992289,10.410942499991506,
rail507,budgeted_portfolio,60,0,boltzmann_adaptive,budget<=180,p45_rail507_boltzmann_adaptive_b60_s0_1788015788,time_limit,740.0,2.946209290996194,60.08576629101299,
rail507,instance_aware_portfolio,60,0,boltzmann_adaptive,frac_count=320<5000,p45_rail507_boltzmann_adaptive_b60_s0_1788015788,time_limit,740.0,2.946209290996194,60.08576629101299,
rail507,multi_feature_portfolio,60,0,boltzmann_adaptive,votes=1/4,p45_rail507_boltzmann_adaptive_b60_s0_1788015788,time_limit,740.0,2.946209290996194,60.08576629101299,
rail507,budgeted_portfolio,60,1,boltzmann_adaptive,budget<=180,p45_rail507_boltzmann_adaptive_b60_s1_1788015874,time_limit,732.0,2.707464249979239,60.018608917016536,
rail507,instance_aware_portfolio,60,1,boltzmann_adaptive,frac_count=315<5000,p45_rail507_boltzmann_adaptive_b60_s1_1788015874,time_limit,732.0,2.707464249979239,60.018608917016536,
rail507,multi_feature_portfolio,60,1,boltzmann_adaptive,votes=1/4,p45_rail507_boltzmann_adaptive_b60_s1_1788015874,time_limit,732.0,2.707464249979239,60.018608917016536,
rail507,budgeted_portfolio,60,2,boltzmann_adaptive,budget<=180,p45_rail507_boltzmann_adaptive_b60_s2_1788015968,time_limit,741.0,2.7899597919895314,60.00251458300045,
rail507,instance_aware_portfolio,60,2,boltzmann_adaptive,frac_count=321<5000,p45_rail507_boltzmann_adaptive_b60_s2_1788015968,time_limit,741.0,2.7899597919895314,60.00251458300045,
rail507,multi_feature_portfolio,60,2,boltzmann_adaptive,votes=1/4,p45_rail507_boltzmann_adaptive_b60_s2_1788015968,time_limit,741.0,2.7899597919895314,60.00251458300045,
rail507,budgeted_portfolio,300,0,best_estimate,budget>180,p45_rail507_best_estimate_b300_s0_1788016029,time_limit,726.0,2.810414874984417,300.01704229199095,
rail507,instance_aware_portfolio,300,0,best_estimate,budget>180,p45_rail507_best_estimate_b300_s0_1788016029,time_limit,726.0,2.810414874984417,300.01704229199095,
rail507,multi_feature_portfolio,300,0,best_estimate,budget>180,p45_rail507_best_estimate_b300_s0_1788016029,time_limit,726.0,2.810414874984417,300.01704229199095,
rail507,budgeted_portfolio,300,1,best_estimate,budget>180,p45_rail507_best_estimate_b300_s1_1788016578,time_limit,722.0,2.512495083035901,300.2340733750025,
rail507,instance_aware_portfolio,300,1,best_estimate,budget>180,p45_rail507_best_estimate_b300_s1_1788016578,time_limit,722.0,2.512495083035901,300.2340733750025,
rail507,multi_feature_portfolio,300,1,best_estimate,budget>180,p45_rail507_best_estimate_b300_s1_1788016578,time_limit,722.0,2.512495083035901,300.2340733750025,
rail507,budgeted_portfolio,300,2,best_estimate,budget>180,p45_rail507_best_estimate_b300_s2_1788016878,time_limit,718.0,2.644184250035323,300.0017875410267,
rail507,instance_aware_portfolio,300,2,best_estimate,budget>180,p45_rail507_best_estimate_b300_s2_1788016878,time_limit,718.0,2.644184250035323,300.0017875410267,
rail507,multi_feature_portfolio,300,2,best_estimate,budget>180,p45_rail507_best_estimate_b300_s2_1788016878,time_limit,718.0,2.644184250035323,300.0017875410267,
rail507,budgeted_portfolio,900,0,best_estimate,budget>180,p45_rail507_best_estimate_b900_s0_1788017195,node_limit,697.0,2.7385627079638653,615.1883631660021,
rail507,instance_aware_portfolio,900,0,best_estimate,budget>180,p45_rail507_best_estimate_b900_s0_1788017195,node_limit,697.0,2.7385627079638653,615.1883631660021,
rail507,multi_feature_portfolio,900,0,best_estimate,budget>180,p45_rail507_best_estimate_b900_s0_1788017195,node_limit,697.0,2.7385627079638653,615.1883631660021,
rail507,budgeted_portfolio,900,1,best_estimate,budget>180,p45_rail507_best_estimate_b900_s1_1788018032,node_limit,714.0,2.514549958985299,622.4774510419811,
rail507,instance_aware_portfolio,900,1,best_estimate,budget>180,p45_rail507_best_estimate_b900_s1_1788018032,node_limit,714.0,2.514549958985299,622.4774510419811,
rail507,multi_feature_portfolio,900,1,best_estimate,budget>180,p45_rail507_best_estimate_b900_s1_1788018032,node_limit,714.0,2.514549958985299,622.4774510419811,
rail507,budgeted_portfolio,900,2,best_estimate,budget>180,p45_rail507_best_estimate_b900_s2_1788018655,node_limit,709.0,2.660663124988787,583.8717810409726,
rail507,instance_aware_portfolio,900,2,best_estimate,budget>180,p45_rail507_best_estimate_b900_s2_1788018655,node_limit,709.0,2.660663124988787,583.8717810409726,
rail507,multi_feature_portfolio,900,2,best_estimate,budget>180,p45_rail507_best_estimate_b900_s2_1788018655,node_limit,709.0,2.660663124988787,583.8717810409726,
savsched1,budgeted_portfolio,10,0,boltzmann_adaptive,budget<=180,p45_savsched1_boltzmann_adaptive_b10_s0_1788029941,solver_status_107,,,10.062889125023503,
savsched1,instance_aware_portfolio,10,0,boltzmann_adaptive,frac_count=0<5000,p45_savsched1_boltzmann_adaptive_b10_s0_1788029941,solver_status_107,,,10.062889125023503,
savsched1,multi_feature_portfolio,10,0,safeguarded_hybrid,votes=2/4,p45_savsched1_safeguarded_hybrid_b10_s0_1788029941,solver_status_107,,,10.056197458005045,
savsched1,budgeted_portfolio,10,1,boltzmann_adaptive,budget<=180,p45_savsched1_boltzmann_adaptive_b10_s1_1788029955,solver_status_107,,,10.027953707962297,
savsched1,instance_aware_portfolio,10,1,boltzmann_adaptive,frac_count=0<5000,p45_savsched1_boltzmann_adaptive_b10_s1_1788029955,solver_status_107,,,10.027953707962297,
savsched1,multi_feature_portfolio,10,1,safeguarded_hybrid,votes=2/4,p45_savsched1_safeguarded_hybrid_b10_s1_1788029955,solver_status_107,,,10.05976750003174,
savsched1,budgeted_portfolio,10,2,boltzmann_adaptive,budget<=180,p45_savsched1_boltzmann_adaptive_b10_s2_1788029971,solver_status_107,,,10.06446187500842,
savsched1,instance_aware_portfolio,10,2,boltzmann_adaptive,frac_count=0<5000,p45_savsched1_boltzmann_adaptive_b10_s2_1788029971,solver_status_107,,,10.06446187500842,
savsched1,multi_feature_portfolio,10,2,safeguarded_hybrid,votes=2/4,p45_savsched1_safeguarded_hybrid_b10_s2_1788029972,solver_status_107,,,10.04818758298643,
savsched1,budgeted_portfolio,60,0,boltzmann_adaptive,budget<=180,p45_savsched1_boltzmann_adaptive_b60_s0_1788030035,solver_status_107,,,60.065515834023245,
savsched1,instance_aware_portfolio,60,0,boltzmann_adaptive,frac_count=0<5000,p45_savsched1_boltzmann_adaptive_b60_s0_1788030035,solver_status_107,,,60.065515834023245,
savsched1,multi_feature_portfolio,60,0,safeguarded_hybrid,votes=2/4,p45_savsched1_safeguarded_hybrid_b60_s0_1788030035,solver_status_107,,,60.066188082972076,
savsched1,budgeted_portfolio,60,1,boltzmann_adaptive,budget<=180,p45_savsched1_boltzmann_adaptive_b60_s1_1788030099,solver_status_107,,,60.06359362503281,
savsched1,instance_aware_portfolio,60,1,boltzmann_adaptive,frac_count=0<5000,p45_savsched1_boltzmann_adaptive_b60_s1_1788030099,solver_status_107,,,60.06359362503281,
savsched1,multi_feature_portfolio,60,1,safeguarded_hybrid,votes=2/4,p45_savsched1_safeguarded_hybrid_b60_s1_1788030099,solver_status_107,,,60.04551016696496,
savsched1,budgeted_portfolio,60,2,boltzmann_adaptive,budget<=180,p45_savsched1_boltzmann_adaptive_b60_s2_1788030165,time_limit,,,60.10378220799612,
savsched1,instance_aware_portfolio,60,2,safeguarded_hybrid,frac_count=20738>=5000,p45_savsched1_safeguarded_hybrid_b60_s2_1788030166,time_limit,,,60.1221723749768,
savsched1,multi_feature_portfolio,60,2,safeguarded_hybrid,votes=4/4,p45_savsched1_safeguarded_hybrid_b60_s2_1788030166,time_limit,,,60.1221723749768,
savsched1,budgeted_portfolio,300,0,best_estimate,budget>180,p45_savsched1_best_estimate_b300_s0_1788030227,time_limit,,,300.12741754204035,
savsched1,instance_aware_portfolio,300,0,best_estimate,budget>180,p45_savsched1_best_estimate_b300_s0_1788030227,time_limit,,,300.12741754204035,
savsched1,multi_feature_portfolio,300,0,best_estimate,budget>180,p45_savsched1_best_estimate_b300_s0_1788030227,time_limit,,,300.12741754204035,
savsched1,budgeted_portfolio,300,1,best_estimate,budget>180,p45_savsched1_best_estimate_b300_s1_1788030820,time_limit,,,300.1528405830031,
savsched1,instance_aware_portfolio,300,1,best_estimate,budget>180,p45_savsched1_best_estimate_b300_s1_1788030820,time_limit,,,300.1528405830031,
savsched1,multi_feature_portfolio,300,1,best_estimate,budget>180,p45_savsched1_best_estimate_b300_s1_1788030820,time_limit,,,300.1528405830031,
savsched1,budgeted_portfolio,300,2,best_estimate,budget>180,p45_savsched1_best_estimate_b300_s2_1788031124,time_limit,,,300.04749116604216,
savsched1,instance_aware_portfolio,300,2,best_estimate,budget>180,p45_savsched1_best_estimate_b300_s2_1788031124,time_limit,,,300.04749116604216,
savsched1,multi_feature_portfolio,300,2,best_estimate,budget>180,p45_savsched1_best_estimate_b300_s2_1788031124,time_limit,,,300.04749116604216,
savsched1,budgeted_portfolio,900,0,best_estimate,budget>180,p45_savsched1_best_estimate_b900_s0_1788031432,time_limit,,,900.1643382920302,
savsched1,instance_aware_portfolio,900,0,best_estimate,budget>180,p45_savsched1_best_estimate_b900_s0_1788031432,time_limit,,,900.1643382920302,
savsched1,multi_feature_portfolio,900,0,best_estimate,budget>180,p45_savsched1_best_estimate_b900_s0_1788031432,time_limit,,,900.1643382920302,
savsched1,budgeted_portfolio,900,1,best_estimate,budget>180,p45_savsched1_best_estimate_b900_s1_1788033224,time_limit,,,900.1557666670415,
savsched1,instance_aware_portfolio,900,1,best_estimate,budget>180,p45_savsched1_best_estimate_b900_s1_1788033224,time_limit,,,900.1557666670415,
savsched1,multi_feature_portfolio,900,1,best_estimate,budget>180,p45_savsched1_best_estimate_b900_s1_1788033224,time_limit,,,900.1557666670415,
savsched1,budgeted_portfolio,900,2,best_estimate,budget>180,p45_savsched1_best_estimate_b900_s2_1788034128,time_limit,,,900.1399115410168,
savsched1,instance_aware_portfolio,900,2,best_estimate,budget>180,p45_savsched1_best_estimate_b900_s2_1788034128,time_limit,,,900.1399115410168,
savsched1,multi_feature_portfolio,900,2,best_estimate,budget>180,p45_savsched1_best_estimate_b900_s2_1788034128,time_limit,,,900.1399115410168,
