instance,budget,policy,mean_gap,oracle_gap,regret,winner
air05,10,best_bound,0.008986122696595131,0.008986122696595131,0.0,best_bound
air05,10,depth_first,0.008986122696595131,0.008986122696595131,0.0,best_bound
air05,10,hybrid_best_bound_depth,0.008986122696595131,0.008986122696595131,0.0,best_bound
air05,10,greedy_score,0.011602335633578523,0.008986122696595131,0.0026162129369833916,best_bound
air05,10,random_uniform,0.11299954500644575,0.008986122696595131,0.10401342230985063,best_bound
air05,10,best_estimate,0.008986122696595131,0.008986122696595131,0.0,best_bound
air05,10,boltzmann_adaptive,0.11785596926265768,0.008986122696595131,0.10886984656606255,best_bound
air05,10,safeguarded_hybrid,0.06774348474507723,0.008986122696595131,0.0587573620484821,best_bound
air05,10,budgeted_portfolio,0.11785596926265768,0.008986122696595131,0.10886984656606255,best_bound
air05,10,instance_aware_portfolio,0.11785596926265768,0.008986122696595131,0.10886984656606255,best_bound
air05,10,multi_feature_portfolio,0.11785596926265768,0.008986122696595131,0.10886984656606255,best_bound
air05,10,learned_portfolio,0.06774348474507723,0.008986122696595131,0.0587573620484821,best_bound
air05,60,best_bound,0.008986122696595131,0.008986122696595131,0.0,best_bound
air05,60,depth_first,0.008986122696595131,0.008986122696595131,0.0,best_bound
air05,60,hybrid_best_bound_depth,0.008986122696595131,0.008986122696595131,0.0,best_bound
air05,60,greedy_score,0.011412754985971033,0.008986122696595131,0.0024266322893759015,best_bound
air05,60,random_uniform,0.07916887844088875,0.008986122696595131,0.07018275574429363,best_bound
air05,60,best_estimate,0.008986122696595131,0.008986122696595131,0.0,best_bound
air05,60,boltzmann_adaptive,0.03312605849194914,0.008986122696595131,0.02413993579535401,best_bound
air05,60,safeguarded_hybrid,0.02382396804933959,0.008986122696595131,0.014837845352744457,best_bound
air05,60,budgeted_portfolio,0.03312605849194914,0.008986122696595131,0.02413993579535401,best_bound
air05,60,instance_aware_portfolio,0.03312605849194914,0.008986122696595131,0.02413993579535401,best_bound
air05,60,multi_feature_portfolio,0.03312605849194914,0.008986122696595131,0.02413993579535401,best_bound
air05,60,learned_portfolio,0.024278961603597573,0.008986122696595131,0.015292838907002441,best_bound
air05,300,best_bound,0.008986122696595131,0.008986122696595131,0.0,best_bound
air05,300,depth_first,0.008986122696595131,0.008986122696595131,0.0,best_bound
air05,300,hybrid_best_bound_depth,0.008986122696595131,0.008986122696595131,0.0,best_bound
air05,300,greedy_score,0.0121837162862415,0.008986122696595131,0.0031975935896463685,best_bound
air05,300,random_uniform,0.08470463335102753,0.008986122696595131,0.0757185106544324,best_bound
air05,300,best_estimate,0.008986122696595131,0.008986122696595131,0.0,best_bound
air05,300,boltzmann_adaptive,0.03312605849194914,0.008986122696595131,0.02413993579535401,best_bound
air05,300,safeguarded_hybrid,0.024278961603597573,0.008986122696595131,0.015292838907002441,best_bound
air05,300,budgeted_portfolio,0.008986122696595131,0.008986122696595131,0.0,best_bound
air05,300,instance_aware_portfolio,0.008986122696595131,0.008986122696595131,0.0,best_bound
air05,300,multi_feature_portfolio,0.008986122696595131,0.008986122696595131,0.0,best_bound
air05,300,learned_portfolio,0.024278961603597573,0.008986122696595131,0.015292838907002441,best_bound
air05,900,best_bound,0.008986122696595131,0.008986122696595131,0.0,best_bound
air05,900,depth_first,0.008986122696595131,0.008986122696595131,0.0,best_bound
air05,900,hybrid_best_bound_depth,0.008986122696595131,0.008986122696595131,0.0,best_bound
air05,900,greedy_score,0.011412754985971033,0.008986122696595131,0.0024266322893759015,best_bound
air05,900,random_uniform,0.08485629786911353,0.008986122696595131,0.0758701751725184,best_bound
air05,900,best_estimate,0.008986122696595131,0.008986122696595131,0.0,best_bound
air05,900,boltzmann_adaptive,0.03312605849194914,0.008986122696595131,0.02413993579535401,best_bound
air05,900,safeguarded_hybrid,0.02507520032355097,0.008986122696595131,0.016089077626955838,best_bound
air05,900,budgeted_portfolio,0.008986122696595131,0.008986122696595131,0.0,best_bound
air05,900,instance_aware_portfolio,0.008986122696595131,0.008986122696595131,0.0,best_bound
air05,900,multi_feature_portfolio,0.008986122696595131,0.008986122696595131,0.0,best_bound
air05,900,learned_portfolio,0.024278961603597573,0.008986122696595131,0.015292838907002441,best_bound
csched007,60,best_bound,0.46153846153847633,0.46153846153847633,0.0,safeguarded_hybrid
csched007,60,depth_first,0.46153846153847633,0.46153846153847633,0.0,safeguarded_hybrid
csched007,60,hybrid_best_bound_depth,0.46153846153847633,0.46153846153847633,0.0,safeguarded_hybrid
csched007,60,greedy_score,0.46153846153847633,0.46153846153847633,0.0,safeguarded_hybrid
csched007,60,random_uniform,0.46153846153847633,0.46153846153847633,0.0,safeguarded_hybrid
csched007,60,best_estimate,0.46153846153847633,0.46153846153847633,0.0,safeguarded_hybrid
csched007,60,boltzmann_adaptive,0.46153846153847633,0.46153846153847633,0.0,safeguarded_hybrid
csched007,60,safeguarded_hybrid,0.46153846153847633,0.46153846153847633,0.0,safeguarded_hybrid
csched007,60,budgeted_portfolio,0.46153846153847633,0.46153846153847633,0.0,safeguarded_hybrid
csched007,60,instance_aware_portfolio,0.46153846153847633,0.46153846153847633,0.0,safeguarded_hybrid
csched007,60,multi_feature_portfolio,0.46153846153847633,0.46153846153847633,0.0,safeguarded_hybrid
csched007,60,learned_portfolio,0.46153846153847633,0.46153846153847633,0.0,safeguarded_hybrid
csched007,300,best_bound,0.46153846153847633,0.46153846153847633,0.0,safeguarded_hybrid
csched007,300,depth_first,0.46153846153847633,0.46153846153847633,0.0,safeguarded_hybrid
csched007,300,hybrid_best_bound_depth,0.46153846153847633,0.46153846153847633,0.0,safeguarded_hybrid
csched007,300,greedy_score,0.46153846153847633,0.46153846153847633,0.0,safeguarded_hybrid
csched007,300,random_uniform,0.46153846153847633,0.46153846153847633,0.0,safeguarded_hybrid
csched007,300,best_estimate,0.46153846153847633,0.46153846153847633,0.0,safeguarded_hybrid
csched007,300,boltzmann_adaptive,0.46153846153847633,0.46153846153847633,0.0,safeguarded_hybrid
csched007,300,safeguarded_hybrid,0.46153846153847633,0.46153846153847633,0.0,safeguarded_hybrid
csched007,300,budgeted_portfolio,0.46153846153847633,0.46153846153847633,0.0,safeguarded_hybrid
csched007,300,instance_aware_portfolio,0.46153846153847633,0.46153846153847633,0.0,safeguarded_hybrid
csched007,300,multi_feature_portfolio,0.46153846153847633,0.46153846153847633,0.0,safeguarded_hybrid
csched007,300,learned_portfolio,0.46153846153847633,0.46153846153847633,0.0,safeguarded_hybrid
csched007,900,best_bound,0.46153846153847633,0.46153846153847633,0.0,safeguarded_hybrid
csched007,900,depth_first,0.46153846153847633,0.46153846153847633,0.0,safeguarded_hybrid
csched007,900,hybrid_best_bound_depth,0.46153846153847633,0.46153846153847633,0.0,safeguarded_hybrid
csched007,900,greedy_score,0.46153846153847633,0.46153846153847633,0.0,safeguarded_hybrid
csched007,900,random_uniform,0.46153846153847633,0.46153846153847633,0.0,safeguarded_hybrid
csched007,900,best_estimate,0.46153846153847633,0.46153846153847633,0.0,safeguarded_hybrid
csched007,900,boltzmann_adaptive,0.46153846153847633,0.46153846153847633,0.0,safeguarded_hybrid
csched007,900,safeguarded_hybrid,0.46153846153847633,0.46153846153847633,0.0,safeguarded_hybrid
csched007,900,budgeted_portfolio,0.46153846153847633,0.46153846153847633,0.0,safeguarded_hybrid
csched007,900,instance_aware_portfolio,0.46153846153847633,0.46153846153847633,0.0,safeguarded_hybrid
csched007,900,multi_feature_portfolio,0.46153846153847633,0.46153846153847633,0.0,safeguarded_hybrid
csched007,900,learned_portfolio,0.46153846153847633,0.46153846153847633,0.0,safeguarded_hybrid
csched008,10,best_bound,0.07514450867052022,0.05202312138728324,0.023121387283236983,hybrid_best_bound_depth
csched008,10,depth_first,0.06069364161849711,0.05202312138728324,0.008670520231213869,hybrid_best_bound_depth
csched008,10,hybrid_best_bound_depth,0.05202312138728324,0.05202312138728324,0.0,hybrid_best_bound_depth
csched008,10,greedy_score,0.07514450867052022,0.05202312138728324,0.023121387283236983,hybrid_best_bound_depth
csched008,10,random_uniform,0.07514450867052022,0.05202312138728324,0.023121387283236983,hybrid_best_bound_depth
csched008,10,best_estimate,0.07514450867052022,0.05202312138728324,0.023121387283236983,hybrid_best_bound_depth
csched008,10,boltzmann_adaptive,0.07514450867052022,0.05202312138728324,0.023121387283236983,hybrid_best_bound_depth
csched008,10,safeguarded_hybrid,0.07514450867052022,0.05202312138728324,0.023121387283236983,hybrid_best_bound_depth
csched008,10,budgeted_portfolio,0.07514450867052022,0.05202312138728324,0.023121387283236983,hybrid_best_bound_depth
csched008,10,instance_aware_portfolio,0.07514450867052022,0.05202312138728324,0.023121387283236983,hybrid_best_bound_depth
csched008,10,multi_feature_portfolio,0.07514450867052022,0.05202312138728324,0.023121387283236983,hybrid_best_bound_depth
csched008,10,learned_portfolio,0.07514450867052022,0.05202312138728324,0.023121387283236983,hybrid_best_bound_depth
csched008,60,best_bound,0.07514450867052022,0.05202312138728324,0.023121387283236983,hybrid_best_bound_depth
csched008,60,depth_first,0.06069364161849711,0.05202312138728324,0.008670520231213869,hybrid_best_bound_depth
csched008,60,hybrid_best_bound_depth,0.05202312138728324,0.05202312138728324,0.0,hybrid_best_bound_depth
csched008,60,greedy_score,0.0838150289017341,0.05202312138728324,0.031791907514450865,hybrid_best_bound_depth
csched008,60,random_uniform,0.09248554913294782,0.05202312138728324,0.04046242774566458,hybrid_best_bound_depth
csched008,60,best_estimate,0.08670520231213857,0.05202312138728324,0.034682080924855335,hybrid_best_bound_depth
csched008,60,boltzmann_adaptive,0.08092485549132947,0.05202312138728324,0.02890173410404623,hybrid_best_bound_depth
csched008,60,safeguarded_hybrid,0.09248554913294782,0.05202312138728324,0.04046242774566458,hybrid_best_bound_depth
csched008,60,budgeted_portfolio,0.08092485549132947,0.05202312138728324,0.02890173410404623,hybrid_best_bound_depth
csched008,60,instance_aware_portfolio,0.08092485549132947,0.05202312138728324,0.02890173410404623,hybrid_best_bound_depth
csched008,60,multi_feature_portfolio,0.08092485549132947,0.05202312138728324,0.02890173410404623,hybrid_best_bound_depth
csched008,60,learned_portfolio,0.08092485549132947,0.05202312138728324,0.02890173410404623,hybrid_best_bound_depth
csched008,300,best_bound,0.06936416184971098,0.05202312138728324,0.017341040462427737,hybrid_best_bound_depth
csched008,300,depth_first,0.06069364161849711,0.05202312138728324,0.008670520231213869,hybrid_best_bound_depth
csched008,300,hybrid_best_bound_depth,0.05202312138728324,0.05202312138728324,0.0,hybrid_best_bound_depth
csched008,300,greedy_score,0.0838150289017341,0.05202312138728324,0.031791907514450865,hybrid_best_bound_depth
csched008,300,random_uniform,0.09248554913294782,0.05202312138728324,0.04046242774566458,hybrid_best_bound_depth
csched008,300,best_estimate,0.08670520231213857,0.05202312138728324,0.034682080924855335,hybrid_best_bound_depth
csched008,300,boltzmann_adaptive,0.08092485549132947,0.05202312138728324,0.02890173410404623,hybrid_best_bound_depth
csched008,300,safeguarded_hybrid,0.09248554913294782,0.05202312138728324,0.04046242774566458,hybrid_best_bound_depth
csched008,300,budgeted_portfolio,0.08670520231213857,0.05202312138728324,0.034682080924855335,hybrid_best_bound_depth
csched008,300,instance_aware_portfolio,0.08670520231213857,0.05202312138728324,0.034682080924855335,hybrid_best_bound_depth
csched008,300,multi_feature_portfolio,0.08670520231213857,0.05202312138728324,0.034682080924855335,hybrid_best_bound_depth
csched008,300,learned_portfolio,0.08092485549132947,0.05202312138728324,0.02890173410404623,hybrid_best_bound_depth
csched008,900,best_bound,0.06936416184971098,0.05202312138728324,0.017341040462427737,hybrid_best_bound_depth
csched008,900,depth_first,0.06069364161849711,0.05202312138728324,0.008670520231213869,hybrid_best_bound_depth
csched008,900,hybrid_best_bound_depth,0.05202312138728324,0.05202312138728324,0.0,hybrid_best_bound_depth
csched008,900,greedy_score,0.0838150289017341,0.05202312138728324,0.031791907514450865,hybrid_best_bound_depth
csched008,900,random_uniform,0.09248554913294782,0.05202312138728324,0.04046242774566458,hybrid_best_bound_depth
csched008,900,best_estimate,0.08670520231213857,0.05202312138728324,0.034682080924855335,hybrid_best_bound_depth
csched008,900,boltzmann_adaptive,0.08092485549132947,0.05202312138728324,0.02890173410404623,hybrid_best_bound_depth
csched008,900,safeguarded_hybrid,0.09248554913294782,0.05202312138728324,0.04046242774566458,hybrid_best_bound_depth
csched008,900,budgeted_portfolio,0.08670520231213857,0.05202312138728324,0.034682080924855335,hybrid_best_bound_depth
csched008,900,instance_aware_portfolio,0.08670520231213857,0.05202312138728324,0.034682080924855335,hybrid_best_bound_depth
csched008,900,multi_feature_portfolio,0.08670520231213857,0.05202312138728324,0.034682080924855335,hybrid_best_bound_depth
csched008,900,learned_portfolio,0.06936416184971098,0.05202312138728324,0.017341040462427737,hybrid_best_bound_depth
drayage-100-23,10,best_bound,2.930862438300302e-11,2.930862438300302e-11,0.0,best_bound
drayage-100-23,10,depth_first,2.930862438300302e-11,2.930862438300302e-11,0.0,best_bound
drayage-100-23,10,hybrid_best_bound_depth,2.930862438300302e-11,2.930862438300302e-11,0.0,best_bound
drayage-100-23,10,greedy_score,2.930862438300302e-11,2.930862438300302e-11,0.0,best_bound
drayage-100-23,10,random_uniform,2.930862438300302e-11,2.930862438300302e-11,0.0,best_bound
drayage-100-23,10,best_estimate,2.930862438300302e-11,2.930862438300302e-11,0.0,best_bound
drayage-100-23,10,boltzmann_adaptive,2.930862438300302e-11,2.930862438300302e-11,0.0,best_bound
drayage-100-23,10,safeguarded_hybrid,2.930862438300302e-11,2.930862438300302e-11,0.0,best_bound
drayage-100-23,10,budgeted_portfolio,2.930862438300302e-11,2.930862438300302e-11,0.0,best_bound
drayage-100-23,10,instance_aware_portfolio,2.930862438300302e-11,2.930862438300302e-11,0.0,best_bound
drayage-100-23,10,multi_feature_portfolio,2.930862438300302e-11,2.930862438300302e-11,0.0,best_bound
drayage-100-23,10,learned_portfolio,2.930862438300302e-11,2.930862438300302e-11,0.0,best_bound
drayage-100-23,60,best_bound,2.930862438300302e-11,2.930862438300302e-11,0.0,best_bound
drayage-100-23,60,depth_first,2.930862438300302e-11,2.930862438300302e-11,0.0,best_bound
drayage-100-23,60,hybrid_best_bound_depth,2.930862438300302e-11,2.930862438300302e-11,0.0,best_bound
drayage-100-23,60,greedy_score,2.930862438300302e-11,2.930862438300302e-11,0.0,best_bound
drayage-100-23,60,random_uniform,2.930862438300302e-11,2.930862438300302e-11,0.0,best_bound
drayage-100-23,60,best_estimate,2.930862438300302e-11,2.930862438300302e-11,0.0,best_bound
drayage-100-23,60,boltzmann_adaptive,2.930862438300302e-11,2.930862438300302e-11,0.0,best_bound
drayage-100-23,60,safeguarded_hybrid,2.930862438300302e-11,2.930862438300302e-11,0.0,best_bound
drayage-100-23,60,budgeted_portfolio,2.930862438300302e-11,2.930862438300302e-11,0.0,best_bound
drayage-100-23,60,instance_aware_portfolio,2.930862438300302e-11,2.930862438300302e-11,0.0,best_bound
drayage-100-23,60,multi_feature_portfolio,2.930862438300302e-11,2.930862438300302e-11,0.0,best_bound
drayage-100-23,60,learned_portfolio,2.930862438300302e-11,2.930862438300302e-11,0.0,best_bound
drayage-100-23,300,best_bound,2.930862438300302e-11,2.930862438300302e-11,0.0,best_bound
drayage-100-23,300,depth_first,2.930862438300302e-11,2.930862438300302e-11,0.0,best_bound
drayage-100-23,300,hybrid_best_bound_depth,2.930862438300302e-11,2.930862438300302e-11,0.0,best_bound
drayage-100-23,300,greedy_score,2.930862438300302e-11,2.930862438300302e-11,0.0,best_bound
drayage-100-23,300,random_uniform,2.930862438300302e-11,2.930862438300302e-11,0.0,best_bound
drayage-100-23,300,best_estimate,2.930862438300302e-11,2.930862438300302e-11,0.0,best_bound
drayage-100-23,300,boltzmann_adaptive,2.930862438300302e-11,2.930862438300302e-11,0.0,best_bound
drayage-100-23,300,safeguarded_hybrid,2.930862438300302e-11,2.930862438300302e-11,0.0,best_bound
drayage-100-23,300,budgeted_portfolio,2.930862438300302e-11,2.930862438300302e-11,0.0,best_bound
drayage-100-23,300,instance_aware_portfolio,2.930862438300302e-11,2.930862438300302e-11,0.0,best_bound
drayage-100-23,300,multi_feature_portfolio,2.930862438300302e-11,2.930862438300302e-11,0.0,best_bound
drayage-100-23,300,learned_portfolio,2.930862438300302e-11,2.930862438300302e-11,0.0,best_bound
drayage-100-23,900,best_bound,2.930862438300302e-11,2.930862438300302e-11,0.0,best_bound
drayage-100-23,900,depth_first,2.930862438300302e-11,2.930862438300302e-11,0.0,best_bound
drayage-100-23,900,hybrid_best_bound_depth,2.930862438300302e-11,2.930862438300302e-11,0.0,best_bound
drayage-100-23,900,greedy_score,2.930862438300302e-11,2.930862438300302e-11,0.0,best_bound
drayage-100-23,900,random_uniform,2.930862438300302e-11,2.930862438300302e-11,0.0,best_bound
drayage-100-23,900,best_estimate,2.930862438300302e-11,2.930862438300302e-11,0.0,best_bound
drayage-100-23,900,boltzmann_adaptive,2.930862438300302e-11,2.930862438300302e-11,0.0,best_bound
drayage-100-23,900,safeguarded_hybrid,2.930862438300302e-11,2.930862438300302e-11,0.0,best_bound
drayage-100-23,900,budgeted_portfolio,2.930862438300302e-11,2.930862438300302e-11,0.0,best_bound
drayage-100-23,900,instance_aware_portfolio,2.930862438300302e-11,2.930862438300302e-11,0.0,best_bound
drayage-100-23,900,multi_feature_portfolio,2.930862438300302e-11,2.930862438300302e-11,0.0,best_bound
drayage-100-23,900,learned_portfolio,2.930862438300302e-11,2.930862438300302e-11,0.0,best_bound
drayage-25-23,10,best_bound,0.05204332090512396,0.03730493583282455,0.01473838507229941,safeguarded_hybrid
drayage-25-23,10,depth_first,0.052399606502541905,0.03730493583282455,0.015094670669717355,safeguarded_hybrid
drayage-25-23,10,hybrid_best_bound_depth,0.052399606502541905,0.03730493583282455,0.015094670669717355,safeguarded_hybrid
drayage-25-23,10,greedy_score,0.04951799460431286,0.03730493583282455,0.01221305877148831,safeguarded_hybrid
drayage-25-23,10,random_uniform,0.05165458900668438,0.03730493583282455,0.014349653173859833,safeguarded_hybrid
drayage-25-23,10,best_estimate,0.05204332090512396,0.03730493583282455,0.01473838507229941,safeguarded_hybrid
drayage-25-23,10,boltzmann_adaptive,0.05204332090512396,0.03730493583282455,0.01473838507229941,safeguarded_hybrid
drayage-25-23,10,safeguarded_hybrid,0.03730493583282455,0.03730493583282455,0.0,safeguarded_hybrid
drayage-25-23,10,budgeted_portfolio,0.05204332090512396,0.03730493583282455,0.01473838507229941,safeguarded_hybrid
drayage-25-23,10,instance_aware_portfolio,0.05204332090512396,0.03730493583282455,0.01473838507229941,safeguarded_hybrid
drayage-25-23,10,multi_feature_portfolio,0.05204332090512396,0.03730493583282455,0.01473838507229941,safeguarded_hybrid
drayage-25-23,10,learned_portfolio,0.03730493583282455,0.03730493583282455,0.0,safeguarded_hybrid
drayage-25-23,60,best_bound,0.04245007580530488,0.027467966459923568,0.014982109345381314,safeguarded_hybrid
drayage-25-23,60,depth_first,0.052399606502541905,0.027467966459923568,0.024931640042618337,safeguarded_hybrid
drayage-25-23,60,hybrid_best_bound_depth,0.040202619284455336,0.027467966459923568,0.012734652824531768,safeguarded_hybrid
drayage-25-23,60,greedy_score,0.040938042848977264,0.027467966459923568,0.013470076389053696,safeguarded_hybrid
drayage-25-23,60,random_uniform,0.035269609617595406,0.027467966459923568,0.007801643157671838,safeguarded_hybrid
drayage-25-23,60,best_estimate,0.03702706605286295,0.027467966459923568,0.00955909959293938,safeguarded_hybrid
drayage-25-23,60,boltzmann_adaptive,0.0486810151006204,0.027467966459923568,0.021213048640696834,safeguarded_hybrid
drayage-25-23,60,safeguarded_hybrid,0.027467966459923568,0.027467966459923568,0.0,safeguarded_hybrid
drayage-25-23,60,budgeted_portfolio,0.0486810151006204,0.027467966459923568,0.021213048640696834,safeguarded_hybrid
drayage-25-23,60,instance_aware_portfolio,0.0486810151006204,0.027467966459923568,0.021213048640696834,safeguarded_hybrid
drayage-25-23,60,multi_feature_portfolio,0.0486810151006204,0.027467966459923568,0.021213048640696834,safeguarded_hybrid
drayage-25-23,60,learned_portfolio,0.027467966459923568,0.027467966459923568,0.0,safeguarded_hybrid
drayage-25-23,300,best_bound,0.03457508619984247,0.025331372057552037,0.00924371414229043,safeguarded_hybrid
drayage-25-23,300,depth_first,0.052399606502541905,0.025331372057552037,0.027068234444989868,safeguarded_hybrid
drayage-25-23,300,hybrid_best_bound_depth,0.03187938207374003,0.025331372057552037,0.006548010016187995,safeguarded_hybrid
drayage-25-23,300,greedy_score,0.04226502243825173,0.025331372057552037,0.016933650380699695,safeguarded_hybrid
drayage-25-23,300,random_uniform,0.03796531374369779,0.025331372057552037,0.012633941686145754,safeguarded_hybrid
drayage-25-23,300,best_estimate,0.030722780309756854,0.025331372057552037,0.005391408252204816,safeguarded_hybrid
drayage-25-23,300,boltzmann_adaptive,0.028721599601407553,0.025331372057552037,0.0033902275438555153,safeguarded_hybrid
drayage-25-23,300,safeguarded_hybrid,0.025331372057552037,0.025331372057552037,0.0,safeguarded_hybrid
drayage-25-23,300,budgeted_portfolio,0.030722780309756854,0.025331372057552037,0.005391408252204816,safeguarded_hybrid
drayage-25-23,300,instance_aware_portfolio,0.030722780309756854,0.025331372057552037,0.005391408252204816,safeguarded_hybrid
drayage-25-23,300,multi_feature_portfolio,0.030722780309756854,0.025331372057552037,0.005391408252204816,safeguarded_hybrid
drayage-25-23,300,learned_portfolio,0.027467966459923516,0.025331372057552037,0.0021365944023714785,safeguarded_hybrid
drayage-25-23,900,best_bound,0.03187938207374003,0.027467966459923568,0.004411415613816465,learned_portfolio
drayage-25-23,900,depth_first,0.052399606502541905,0.027467966459923568,0.024931640042618337,learned_portfolio
drayage-25-23,900,hybrid_best_bound_depth,0.03187938207374003,0.027467966459923568,0.004411415613816465,learned_portfolio
drayage-25-23,900,greedy_score,0.04226502243825173,0.027467966459923568,0.014797055978328165,learned_portfolio
drayage-25-23,900,random_uniform,0.03796531374369779,0.027467966459923568,0.010497347283774223,learned_portfolio
drayage-25-23,900,best_estimate,0.03433136192676051,0.027467966459923568,0.006863395466836945,learned_portfolio
drayage-25-23,900,boltzmann_adaptive,0.04409244084522834,0.027467966459923568,0.016624474385304774,learned_portfolio
drayage-25-23,900,safeguarded_hybrid,0.0279162140651765,0.027467966459923568,0.0004482476052529334,learned_portfolio
drayage-25-23,900,budgeted_portfolio,0.03433136192676051,0.027467966459923568,0.006863395466836945,learned_portfolio
drayage-25-23,900,instance_aware_portfolio,0.03433136192676051,0.027467966459923568,0.006863395466836945,learned_portfolio
drayage-25-23,900,multi_feature_portfolio,0.03433136192676051,0.027467966459923568,0.006863395466836945,learned_portfolio
drayage-25-23,900,learned_portfolio,0.027467966459923568,0.027467966459923568,0.0,learned_portfolio
irp,10,best_bound,0.002952915725110949,0.000571024605796552,0.002381891119314397,random_uniform
irp,10,depth_first,0.002952915725110949,0.000571024605796552,0.002381891119314397,random_uniform
irp,10,hybrid_best_bound_depth,0.002952915725110949,0.000571024605796552,0.002381891119314397,random_uniform
irp,10,greedy_score,0.002952915725110949,0.000571024605796552,0.002381891119314397,random_uniform
irp,10,random_uniform,0.000571024605796552,0.000571024605796552,0.0,random_uniform
irp,10,best_estimate,0.0026659892021689423,0.000571024605796552,0.00209496459637239,random_uniform
irp,10,boltzmann_adaptive,0.00504406349562603,0.000571024605796552,0.004473038889829479,random_uniform
irp,10,safeguarded_hybrid,0.005619992752007571,0.000571024605796552,0.005048968146211019,random_uniform
irp,10,budgeted_portfolio,0.00504406349562603,0.000571024605796552,0.004473038889829479,random_uniform
irp,10,instance_aware_portfolio,0.00504406349562603,0.000571024605796552,0.004473038889829479,random_uniform
irp,10,multi_feature_portfolio,0.00504406349562603,0.000571024605796552,0.004473038889829479,random_uniform
irp,10,learned_portfolio,0.006078507023570684,0.000571024605796552,0.005507482417774132,random_uniform
irp,60,best_bound,0.002952915725110949,5.2635029959614115e-05,0.002900280695151335,random_uniform
irp,60,depth_first,0.002952915725110949,5.2635029959614115e-05,0.002900280695151335,random_uniform
irp,60,hybrid_best_bound_depth,0.002952915725110949,5.2635029959614115e-05,0.002900280695151335,random_uniform
irp,60,greedy_score,0.002952915725110949,5.2635029959614115e-05,0.002900280695151335,random_uniform
irp,60,random_uniform,5.2635029959614115e-05,5.2635029959614115e-05,0.0,random_uniform
irp,60,best_estimate,0.002665989202168892,5.2635029959614115e-05,0.0026133541722092777,random_uniform
irp,60,boltzmann_adaptive,0.005953751491367631,5.2635029959614115e-05,0.0059011164614080165,random_uniform
irp,60,safeguarded_hybrid,0.004213271416541413,5.2635029959614115e-05,0.004160636386581798,random_uniform
irp,60,budgeted_portfolio,0.005953751491367631,5.2635029959614115e-05,0.0059011164614080165,random_uniform
irp,60,instance_aware_portfolio,0.005953751491367631,5.2635029959614115e-05,0.0059011164614080165,random_uniform
irp,60,multi_feature_portfolio,0.005953751491367631,5.2635029959614115e-05,0.0059011164614080165,random_uniform
irp,60,learned_portfolio,0.005161117993918077,5.2635029959614115e-05,0.005108482963958463,random_uniform
irp,300,best_bound,0.002952915725110949,8.607858489826255e-05,0.0028668371402126866,random_uniform
irp,300,depth_first,0.002952915725110949,8.607858489826255e-05,0.0028668371402126866,random_uniform
irp,300,hybrid_best_bound_depth,0.002952915725110949,8.607858489826255e-05,0.0028668371402126866,random_uniform
irp,300,greedy_score,0.002952915725110949,8.607858489826255e-05,0.0028668371402126866,random_uniform
irp,300,random_uniform,8.607858489826255e-05,8.607858489826255e-05,0.0,random_uniform
irp,300,best_estimate,0.0026659892021689423,8.607858489826255e-05,0.00257991061727068,random_uniform
irp,300,boltzmann_adaptive,0.004257546947378762,8.607858489826255e-05,0.0041714683624805,random_uniform
irp,300,safeguarded_hybrid,0.005161117993918077,8.607858489826255e-05,0.0050750394090198145,random_uniform
irp,300,budgeted_portfolio,0.0026659892021689423,8.607858489826255e-05,0.00257991061727068,random_uniform
irp,300,instance_aware_portfolio,0.0026659892021689423,8.607858489826255e-05,0.00257991061727068,random_uniform
irp,300,multi_feature_portfolio,0.0026659892021689423,8.607858489826255e-05,0.00257991061727068,random_uniform
irp,300,learned_portfolio,0.005161117993918077,8.607858489826255e-05,0.0050750394090198145,random_uniform
irp,900,best_bound,0.002952915725110949,5.2635029959614115e-05,0.002900280695151335,random_uniform
irp,900,depth_first,0.002952915725110949,5.2635029959614115e-05,0.002900280695151335,random_uniform
irp,900,hybrid_best_bound_depth,0.002952915725110949,5.2635029959614115e-05,0.002900280695151335,random_uniform
irp,900,greedy_score,0.002952915725110949,5.2635029959614115e-05,0.002900280695151335,random_uniform
irp,900,random_uniform,5.2635029959614115e-05,5.2635029959614115e-05,0.0,random_uniform
irp,900,best_estimate,0.002665989202168992,5.2635029959614115e-05,0.002613354172209378,random_uniform
irp,900,boltzmann_adaptive,0.0006734413773558148,5.2635029959614115e-05,0.0006208063473962007,random_uniform
irp,900,safeguarded_hybrid,0.001102446742734302,5.2635029959614115e-05,0.001049811712774688,random_uniform
irp,900,budgeted_portfolio,0.002665989202168992,5.2635029959614115e-05,0.002613354172209378,random_uniform
irp,900,instance_aware_portfolio,0.002665989202168992,5.2635029959614115e-05,0.002613354172209378,random_uniform
irp,900,multi_feature_portfolio,0.002665989202168992,5.2635029959614115e-05,0.002613354172209378,random_uniform
irp,900,learned_portfolio,0.005161117993918077,5.2635029959614115e-05,0.005108482963958463,random_uniform
mcsched,10,best_bound,0.04177185920637242,0.024771171817365305,0.017000687389007115,learned_portfolio
mcsched,10,depth_first,0.04177185920637242,0.024771171817365305,0.017000687389007115,learned_portfolio
mcsched,10,hybrid_best_bound_depth,0.04177185920637242,0.024771171817365305,0.017000687389007115,learned_portfolio
mcsched,10,greedy_score,0.04177185920637242,0.024771171817365305,0.017000687389007115,learned_portfolio
mcsched,10,random_uniform,0.08338484818455372,0.024771171817365305,0.05861367636718841,learned_portfolio
mcsched,10,best_estimate,0.04177185920637242,0.024771171817365305,0.017000687389007115,learned_portfolio
mcsched,10,boltzmann_adaptive,0.06113515137501396,0.024771171817365305,0.036363979557648654,learned_portfolio
mcsched,10,safeguarded_hybrid,0.026292236279353634,0.024771171817365305,0.0015210644619883286,learned_portfolio
mcsched,10,budgeted_portfolio,0.06113515137501396,0.024771171817365305,0.036363979557648654,learned_portfolio
mcsched,10,instance_aware_portfolio,0.06113515137501396,0.024771171817365305,0.036363979557648654,learned_portfolio
mcsched,10,multi_feature_portfolio,0.06113515137501396,0.024771171817365305,0.036363979557648654,learned_portfolio
mcsched,10,learned_portfolio,0.024771171817365305,0.024771171817365305,0.0,learned_portfolio
mcsched,60,best_bound,0.04177185920637242,0.02001135686185683,0.02176050234451559,safeguarded_hybrid
mcsched,60,depth_first,0.04177185920637242,0.02001135686185683,0.02176050234451559,safeguarded_hybrid
mcsched,60,hybrid_best_bound_depth,0.04177185920637242,0.02001135686185683,0.02176050234451559,safeguarded_hybrid
mcsched,60,greedy_score,0.04177185920637242,0.02001135686185683,0.02176050234451559,safeguarded_hybrid
mcsched,60,random_uniform,0.053024904874484656,0.02001135686185683,0.033013548012627826,safeguarded_hybrid
mcsched,60,best_estimate,0.04177185920637242,0.02001135686185683,0.02176050234451559,safeguarded_hybrid
mcsched,60,boltzmann_adaptive,0.03039454870630872,0.02001135686185683,0.01038319184445189,safeguarded_hybrid
mcsched,60,safeguarded_hybrid,0.02001135686185683,0.02001135686185683,0.0,safeguarded_hybrid
mcsched,60,budgeted_portfolio,0.03039454870630872,0.02001135686185683,0.01038319184445189,safeguarded_hybrid
mcsched,60,instance_aware_portfolio,0.03039454870630872,0.02001135686185683,0.01038319184445189,safeguarded_hybrid
mcsched,60,multi_feature_portfolio,0.03039454870630872,0.02001135686185683,0.01038319184445189,safeguarded_hybrid
mcsched,60,learned_portfolio,0.021579610500535598,0.02001135686185683,0.0015682536386787682,safeguarded_hybrid
mcsched,300,best_bound,0.04177185920637242,0.02001135686185683,0.02176050234451559,safeguarded_hybrid
mcsched,300,depth_first,0.04177185920637242,0.02001135686185683,0.02176050234451559,safeguarded_hybrid
mcsched,300,hybrid_best_bound_depth,0.04177185920637242,0.02001135686185683,0.02176050234451559,safeguarded_hybrid
mcsched,300,greedy_score,0.04177185920637242,0.02001135686185683,0.02176050234451559,safeguarded_hybrid
mcsched,300,random_uniform,0.053024904874484656,0.02001135686185683,0.033013548012627826,safeguarded_hybrid
mcsched,300,best_estimate,0.04177185920637242,0.02001135686185683,0.02176050234451559,safeguarded_hybrid
mcsched,300,boltzmann_adaptive,0.034142942308085546,0.02001135686185683,0.014131585446228716,safeguarded_hybrid
mcsched,300,safeguarded_hybrid,0.02001135686185683,0.02001135686185683,0.0,safeguarded_hybrid
mcsched,300,budgeted_portfolio,0.04177185920637242,0.02001135686185683,0.02176050234451559,safeguarded_hybrid
mcsched,300,instance_aware_portfolio,0.04177185920637242,0.02001135686185683,0.02176050234451559,safeguarded_hybrid
mcsched,300,multi_feature_portfolio,0.04177185920637242,0.02001135686185683,0.02176050234451559,safeguarded_hybrid
mcsched,300,learned_portfolio,0.04177185920637242,0.02001135686185683,0.02176050234451559,safeguarded_hybrid
mcsched,900,best_bound,0.04177185920637242,0.02316516683733419,0.01860669236903823,safeguarded_hybrid
mcsched,900,depth_first,0.04177185920637242,0.02316516683733419,0.01860669236903823,safeguarded_hybrid
mcsched,900,hybrid_best_bound_depth,0.04177185920637242,0.02316516683733419,0.01860669236903823,safeguarded_hybrid
mcsched,900,greedy_score,0.04177185920637242,0.02316516683733419,0.01860669236903823,safeguarded_hybrid
mcsched,900,random_uniform,0.053024904874484656,0.02316516683733419,0.029859738037150467,safeguarded_hybrid
mcsched,900,best_estimate,0.04177185920637242,0.02316516683733419,0.01860669236903823,safeguarded_hybrid
mcsched,900,boltzmann_adaptive,0.03039454870630872,0.02316516683733419,0.007229381868974531,safeguarded_hybrid
mcsched,900,safeguarded_hybrid,0.02316516683733419,0.02316516683733419,0.0,safeguarded_hybrid
mcsched,900,budgeted_portfolio,0.04177185920637242,0.02316516683733419,0.01860669236903823,safeguarded_hybrid
mcsched,900,instance_aware_portfolio,0.04177185920637242,0.02316516683733419,0.01860669236903823,safeguarded_hybrid
mcsched,900,multi_feature_portfolio,0.04177185920637242,0.02316516683733419,0.01860669236903823,safeguarded_hybrid
mcsched,900,learned_portfolio,0.04177185920637242,0.02316516683733419,0.01860669236903823,safeguarded_hybrid
rail507,10,best_bound,3.2911877394636018,3.2911877394636018,0.0,best_bound
rail507,10,depth_first,3.298850574712644,3.2911877394636018,0.00766283524904221,best_bound
rail507,10,hybrid_best_bound_depth,3.2911877394636018,3.2911877394636018,0.0,best_bound
rail507,10,greedy_score,3.3007662835249043,3.2911877394636018,0.00957854406130254,best_bound
rail507,10,random_uniform,3.314176245210728,3.2911877394636018,0.022988505747126187,best_bound
rail507,10,best_estimate,3.3275862068965516,3.2911877394636018,0.03639846743294983,best_bound
rail507,10,boltzmann_adaptive,3.3218390804597697,3.2911877394636018,0.030651340996167953,best_bound
rail507,10,safeguarded_hybrid,3.2911877394636018,3.2911877394636018,0.0,best_bound
rail507,10,budgeted_portfolio,3.3218390804597697,3.2911877394636018,0.030651340996167953,best_bound
rail507,10,instance_aware_portfolio,3.3218390804597697,3.2911877394636018,0.030651340996167953,best_bound
rail507,10,multi_feature_portfolio,3.3218390804597697,3.2911877394636018,0.030651340996167953,best_bound
rail507,10,learned_portfolio,3.2911877394636018,3.2911877394636018,0.0,best_bound
rail507,60,best_bound,2.969348659003831,2.969348659003831,0.0,best_bound
rail507,60,depth_first,2.969348659003831,2.969348659003831,0.0,best_bound
rail507,60,hybrid_best_bound_depth,2.969348659003831,2.969348659003831,0.0,best_bound
rail507,60,greedy_score,3.25095785440613,2.969348659003831,0.2816091954022988,best_bound
rail507,60,random_uniform,3.2241379310344827,2.969348659003831,0.2547892720306515,best_bound
rail507,60,best_estimate,3.24904214559387,2.969348659003831,0.2796934865900389,best_bound
rail507,60,boltzmann_adaptive,3.239463601532567,2.969348659003831,0.2701149425287359,best_bound
rail507,60,safeguarded_hybrid,3.2356321839080464,2.969348659003831,0.26628352490421525,best_bound
rail507,60,budgeted_portfolio,3.239463601532567,2.969348659003831,0.2701149425287359,best_bound
rail507,60,instance_aware_portfolio,3.239463601532567,2.969348659003831,0.2701149425287359,best_bound
rail507,60,multi_feature_portfolio,3.239463601532567,2.969348659003831,0.2701149425287359,best_bound
rail507,60,learned_portfolio,3.2394636015325666,2.969348659003831,0.27011494252873547,best_bound
rail507,300,best_bound,0.011494252873563218,0.011494252873563218,0.0,best_bound
rail507,300,depth_first,0.011494252873563218,0.011494252873563218,0.0,best_bound
rail507,300,hybrid_best_bound_depth,0.011494252873563218,0.011494252873563218,0.0,best_bound
rail507,300,greedy_score,3.160919540229885,0.011494252873563218,3.1494252873563218,best_bound
rail507,300,random_uniform,3.097701149425287,0.011494252873563218,3.0862068965517238,best_bound
rail507,300,best_estimate,3.149425287356322,0.011494252873563218,3.137931034482759,best_bound
rail507,300,boltzmann_adaptive,3.1494252873563213,0.011494252873563218,3.137931034482758,best_bound
rail507,300,safeguarded_hybrid,3.1015325670498086,0.011494252873563218,3.0900383141762453,best_bound
rail507,300,budgeted_portfolio,3.149425287356322,0.011494252873563218,3.137931034482759,best_bound
rail507,300,instance_aware_portfolio,3.149425287356322,0.011494252873563218,3.137931034482759,best_bound
rail507,300,multi_feature_portfolio,3.149425287356322,0.011494252873563218,3.137931034482759,best_bound
rail507,300,learned_portfolio,3.113026819923372,0.011494252873563218,3.1015325670498086,best_bound
rail507,900,best_bound,0.011494252873563218,0.011494252873563218,0.0,best_bound
rail507,900,depth_first,0.011494252873563218,0.011494252873563218,0.0,best_bound
rail507,900,hybrid_best_bound_depth,0.011494252873563218,0.011494252873563218,0.0,best_bound
rail507,900,greedy_score,3.1168582375478926,0.011494252873563218,3.1053639846743293,best_bound
rail507,900,random_uniform,3.063218390804598,0.011494252873563218,3.0517241379310347,best_bound
rail507,900,best_estimate,3.0613026819923372,0.011494252873563218,3.049808429118774,best_bound
rail507,900,boltzmann_adaptive,3.1130268199233715,0.011494252873563218,3.101532567049808,best_bound
rail507,900,safeguarded_hybrid,2.9731800766283527,0.011494252873563218,2.9616858237547894,best_bound
rail507,900,budgeted_portfolio,3.0613026819923372,0.011494252873563218,3.049808429118774,best_bound
rail507,900,instance_aware_portfolio,3.0613026819923372,0.011494252873563218,3.049808429118774,best_bound
rail507,900,multi_feature_portfolio,3.0613026819923372,0.011494252873563218,3.049808429118774,best_bound
rail507,900,learned_portfolio,2.9731800766283527,0.011494252873563218,2.9616858237547894,best_bound
